"module name","license","repository"
"@angular-devkit/architect@0.800.1","MIT","https://github.com/angular/angular-cli"
"@angular-devkit/core@8.0.1","MIT","https://github.com/angular/angular-cli"
"@angular-devkit/schematics@8.0.1","MIT","https://github.com/angular/angular-cli"
"@angular/animations@8.0.0","MIT","https://github.com/angular/angular"
"@angular/cdk@8.0.0","MIT","https://github.com/angular/components"
"@angular/common@8.0.0","MIT","https://github.com/angular/angular"
"@angular/compiler@8.0.0","MIT","https://github.com/angular/angular"
"@angular/core@8.0.0","MIT","https://github.com/angular/angular"
"@angular/elements@8.0.0","MIT","https://github.com/angular/angular"
"@angular/flex-layout@8.0.0-beta.26","MIT","https://github.com/angular/flex-layout"
"@angular/forms@8.0.0","MIT","https://github.com/angular/angular"
"@angular/material@8.0.0","MIT","https://github.com/angular/components"
"@angular/platform-browser-dynamic@8.0.0","MIT","https://github.com/angular/angular"
"@angular/platform-browser@8.0.0","MIT","https://github.com/angular/angular"
"@angular/router@8.0.0","MIT","https://github.com/angular/angular"
"@babel/code-frame@7.0.0","MIT","https://github.com/babel/babel/tree/master/packages/babel-code-frame"
"@babel/generator@7.4.4","MIT","https://github.com/babel/babel/tree/master/packages/babel-generator"
"@babel/helper-function-name@7.1.0","MIT","https://github.com/babel/babel/tree/master/packages/babel-helper-function-name"
"@babel/helper-get-function-arity@7.0.0","MIT","https://github.com/babel/babel/tree/master/packages/babel-helper-get-function-arity"
"@babel/helper-split-export-declaration@7.4.4","MIT","https://github.com/babel/babel/tree/master/packages/babel-helper-split-export-declaration"
"@babel/highlight@7.0.0","MIT","https://github.com/babel/babel/tree/master/packages/babel-highlight"
"@babel/parser@7.4.5","MIT","https://github.com/babel/babel/tree/master/packages/babel-parser"
"@babel/template@7.4.4","MIT","https://github.com/babel/babel/tree/master/packages/babel-template"
"@babel/traverse@7.4.5","MIT","https://github.com/babel/babel/tree/master/packages/babel-traverse"
"@babel/types@7.4.4","MIT","https://github.com/babel/babel/tree/master/packages/babel-types"
"@nestjs/common@5.7.4","MIT","https://github.com/nestjs/nest"
"@nestjs/core@5.7.4","MIT","https://github.com/nestjs/nest"
"@nestjs/testing@5.7.4","MIT","https://github.com/nestjs/nest"
"@nrwl/angular@8.1.0","MIT","https://github.com/nrwl/nx"
"@nrwl/cypress@8.1.0","MIT","https://github.com/nrwl/nx"
"@nrwl/jest@8.1.0","MIT","https://github.com/nrwl/nx"
"@nuxtjs/opencollective@0.1.0","MIT","https://github.com/nuxt-community/opencollective"
"@schematics/angular@8.0.1","MIT","https://github.com/angular/angular-cli"
"@types/body-parser@1.17.0","MIT","https://github.com/DefinitelyTyped/DefinitelyTyped"
"@types/connect@3.4.32","MIT","https://github.com/DefinitelyTyped/DefinitelyTyped"
"@types/cookiejar@2.1.1","MIT","https://github.com/DefinitelyTyped/DefinitelyTyped"
"@types/error-stack-parser@1.3.18","MIT","https://github.com/DefinitelyTyped/DefinitelyTyped"
"@types/estree@0.0.39","MIT","https://github.com/DefinitelyTyped/DefinitelyTyped"
"@types/express-serve-static-core@4.16.7","MIT","https://github.com/DefinitelyTyped/DefinitelyTyped"
"@types/express@4.17.0","MIT","https://github.com/DefinitelyTyped/DefinitelyTyped"
"@types/jest@23.3.14","MIT","https://github.com/DefinitelyTyped/DefinitelyTyped"
"@types/json5@0.0.29","MIT","https://github.com/DefinitelyTyped/DefinitelyTyped"
"@types/lodash@4.14.134","MIT","https://github.com/DefinitelyTyped/DefinitelyTyped"
"@types/mime@2.0.1","MIT","https://github.com/DefinitelyTyped/DefinitelyTyped"
"@types/node@10.14.8","MIT","https://github.com/DefinitelyTyped/DefinitelyTyped"
"@types/q@0.0.32","MIT","https://github.com/DefinitelyTyped/DefinitelyTyped"
"@types/range-parser@1.2.3","MIT","https://github.com/DefinitelyTyped/DefinitelyTyped"
"@types/selenium-webdriver@3.0.16","MIT","https://github.com/DefinitelyTyped/DefinitelyTyped"
"@types/serve-static@1.13.2","MIT","https://github.com/DefinitelyTyped/DefinitelyTyped"
"@types/superagent@4.1.1","MIT","https://github.com/DefinitelyTyped/DefinitelyTyped"
"@types/supertest@2.0.7","MIT","https://github.com/DefinitelyTyped/DefinitelyTyped"
"DepAnalysis@1.0.0","MIT",""
"abab@2.0.0","BSD*","https://github.com/jsdom/abab"
"abbrev@1.1.1","ISC","https://github.com/isaacs/abbrev-js"
"accepts@1.3.7","MIT","https://github.com/jshttp/accepts"
"acorn-globals@4.3.2","MIT","https://github.com/ForbesLindesay/acorn-globals"
"acorn-hammerhead@0.2.0","MIT","https://github.com/miherlosev/acorn-hammerhead"
"acorn-jsx@5.0.1","MIT","https://github.com/RReverser/acorn-jsx"
"acorn-walk@6.1.1","MIT","https://github.com/acornjs/acorn"
"acorn@5.7.3","MIT","https://github.com/acornjs/acorn"
"acorn@6.1.1","MIT","https://github.com/acornjs/acorn"
"adm-zip@0.4.13","MIT","https://github.com/cthackers/adm-zip"
"after@0.8.2","MIT","https://github.com/Raynos/after"
"agent-base@4.3.0","MIT","https://github.com/TooTallNate/node-agent-base"
"ajv@6.10.0","MIT","https://github.com/epoberezkin/ajv"
"amdefine@1.0.1","BSD-3-Clause OR MIT","https://github.com/jrburke/amdefine"
"ansi-align@2.0.0","ISC","https://github.com/nexdrew/ansi-align"
"ansi-colors@1.1.0","MIT","https://github.com/doowb/ansi-colors"
"ansi-cyan@0.1.1","MIT","https://github.com/jonschlinkert/ansi-cyan"
"ansi-escapes@2.0.0","MIT","https://github.com/sindresorhus/ansi-escapes"
"ansi-escapes@3.2.0","MIT","https://github.com/sindresorhus/ansi-escapes"
"ansi-gray@0.1.1","MIT","https://github.com/jonschlinkert/ansi-gray"
"ansi-red@0.1.1","MIT","https://github.com/jonschlinkert/ansi-red"
"ansi-regex@2.1.1","MIT","https://github.com/chalk/ansi-regex"
"ansi-regex@3.0.0","MIT","https://github.com/chalk/ansi-regex"
"ansi-regex@4.1.0","MIT","https://github.com/chalk/ansi-regex"
"ansi-styles@2.2.1","MIT","https://github.com/chalk/ansi-styles"
"ansi-styles@3.2.1","MIT","https://github.com/chalk/ansi-styles"
"ansi-wrap@0.1.0","MIT","https://github.com/jonschlinkert/ansi-wrap"
"anymatch@2.0.0","ISC","https://github.com/micromatch/anymatch"
"app-root-path@2.2.1","MIT","https://github.com/inxilpro/node-app-root-path"
"append-field@0.1.0","MIT","https://github.com/LinusU/node-append-field"
"append-transform@0.4.0","MIT","https://github.com/jamestalmage/append-transform"
"append-transform@1.0.0","MIT","https://github.com/istanbuljs/append-transform"
"archy@1.0.0","MIT","https://github.com/substack/node-archy"
"argparse@1.0.10","MIT","https://github.com/nodeca/argparse"
"arr-diff@1.1.0","MIT","https://github.com/jonschlinkert/arr-diff"
"arr-diff@2.0.0","MIT","https://github.com/jonschlinkert/arr-diff"
"arr-diff@4.0.0","MIT","https://github.com/jonschlinkert/arr-diff"
"arr-flatten@1.1.0","MIT","https://github.com/jonschlinkert/arr-flatten"
"arr-union@2.1.0","MIT","https://github.com/jonschlinkert/arr-union"
"arr-union@3.1.0","MIT","https://github.com/jonschlinkert/arr-union"
"array-differ@1.0.0","MIT","https://github.com/sindresorhus/array-differ"
"array-each@1.0.1","MIT","https://github.com/jonschlinkert/array-each"
"array-equal@1.0.0","MIT","https://github.com/component/array-equal"
"array-find@1.0.0","MIT","https://github.com/stefanduberg/array-find"
"array-flatten@1.1.1","MIT","https://github.com/blakeembrey/array-flatten"
"array-slice@0.2.3","MIT","https://github.com/jonschlinkert/array-slice"
"array-slice@1.1.0","MIT","https://github.com/jonschlinkert/array-slice"
"array-union@1.0.2","MIT","https://github.com/sindresorhus/array-union"
"array-uniq@1.0.3","MIT","https://github.com/sindresorhus/array-uniq"
"array-unique@0.2.1","MIT","https://github.com/jonschlinkert/array-unique"
"array-unique@0.3.2","MIT","https://github.com/jonschlinkert/array-unique"
"arraybuffer.slice@0.0.7","MIT","https://github.com/rase-/arraybuffer.slice"
"arrify@1.0.1","MIT","https://github.com/sindresorhus/arrify"
"asn1@0.2.4","MIT","https://github.com/joyent/node-asn1"
"assert-plus@1.0.0","MIT","https://github.com/mcavage/node-assert-plus"
"assertion-error@1.1.0","MIT","https://github.com/chaijs/assertion-error"
"assign-symbols@1.0.0","MIT","https://github.com/jonschlinkert/assign-symbols"
"astral-regex@1.0.0","MIT","https://github.com/kevva/astral-regex"
"async-each@1.0.3","MIT","https://github.com/paulmillr/async-each"
"async-exit-hook@1.1.2","MIT","https://github.com/tapppi/async-exit-hook"
"async-limiter@1.0.0","MIT","https://github.com/strml/async-limiter"
"async@0.2.6","MIT","https://github.com/caolan/async"
"async@0.9.2","MIT","https://github.com/caolan/async"
"async@2.6.2","MIT","https://github.com/caolan/async"
"asynckit@0.4.0","MIT","https://github.com/alexindigo/asynckit"
"atob@2.1.2","(MIT OR Apache-2.0)","git://git.coolaj86.com/coolaj86/atob.js"
"aws-sign2@0.7.0","Apache-2.0","https://github.com/mikeal/aws-sign"
"aws4@1.8.0","MIT","https://github.com/mhart/aws4"
"axios@0.18.0","MIT","https://github.com/axios/axios"
"azure-devops-node-api@7.2.0","MIT","https://github.com/Microsoft/azure-devops-node-api"
"babel-code-frame@6.26.0","MIT","https://github.com/babel/babel/tree/master/packages/babel-code-frame"
"babel-core@6.26.3","MIT","https://github.com/babel/babel/tree/master/packages/babel-core"
"babel-generator@6.26.1","MIT","https://github.com/babel/babel/tree/master/packages/babel-generator"
"babel-helper-bindify-decorators@6.24.1","MIT","https://github.com/babel/babel/tree/master/packages/babel-helper-bindify-decorators"
"babel-helper-builder-binary-assignment-operator-visitor@6.24.1","MIT","https://github.com/babel/babel/tree/master/packages/babel-helper-builder-binary-assignment-operator-visitor"
"babel-helper-call-delegate@6.24.1","MIT","https://github.com/babel/babel/tree/master/packages/babel-helper-call-delegate"
"babel-helper-define-map@6.26.0","MIT","https://github.com/babel/babel/tree/master/packages/babel-helper-define-map"
"babel-helper-explode-assignable-expression@6.24.1","MIT","https://github.com/babel/babel/tree/master/packages/babel-helper-explode-assignable-expression"
"babel-helper-explode-class@6.24.1","MIT","https://github.com/babel/babel/tree/master/packages/babel-helper-explode-class"
"babel-helper-function-name@6.24.1","MIT","https://github.com/babel/babel/tree/master/packages/babel-helper-function-name"
"babel-helper-get-function-arity@6.24.1","MIT","https://github.com/babel/babel/tree/master/packages/babel-helper-get-function-arity"
"babel-helper-hoist-variables@6.24.1","MIT","https://github.com/babel/babel/tree/master/packages/babel-helper-hoist-variables"
"babel-helper-optimise-call-expression@6.24.1","MIT","https://github.com/babel/babel/tree/master/packages/babel-helper-optimise-call-expression"
"babel-helper-regex@6.26.0","MIT","https://github.com/babel/babel/tree/master/packages/babel-helper-regex"
"babel-helper-remap-async-to-generator@6.24.1","MIT","https://github.com/babel/babel/tree/master/packages/babel-helper-remap-async-to-generator"
"babel-helper-replace-supers@6.24.1","MIT","https://github.com/babel/babel/tree/master/packages/babel-helper-replace-supers"
"babel-helpers@6.24.1","MIT","https://github.com/babel/babel/tree/master/packages/babel-helpers"
"babel-jest@23.6.0","MIT","https://github.com/facebook/jest"
"babel-messages@6.23.0","MIT","https://github.com/babel/babel/tree/master/packages/babel-messages"
"babel-plugin-check-es2015-constants@6.22.0","MIT","https://github.com/babel/babel/tree/master/packages/babel-plugin-check-es2015-constants"
"babel-plugin-istanbul@4.1.6","BSD-3-Clause","https://github.com/istanbuljs/babel-plugin-istanbul"
"babel-plugin-jest-hoist@23.2.0","MIT","https://github.com/facebook/jest"
"babel-plugin-syntax-async-functions@6.13.0","MIT","https://github.com/babel/babel/tree/master/packages/babel-plugin-syntax-async-functions"
"babel-plugin-syntax-async-generators@6.13.0","MIT","https://github.com/babel/babel/tree/master/packages/babel-plugin-syntax-async-generators"
"babel-plugin-syntax-class-properties@6.13.0","MIT","https://github.com/babel/babel/tree/master/packages/babel-plugin-syntax-class-properties"
"babel-plugin-syntax-decorators@6.13.0","MIT","https://github.com/babel/babel/tree/master/packages/babel-plugin-syntax-decorators"
"babel-plugin-syntax-dynamic-import@6.18.0","MIT","https://github.com/babel/babel/tree/master/packages/babel-plugin-syntax-dynamic-import"
"babel-plugin-syntax-exponentiation-operator@6.13.0","MIT","https://github.com/babel/babel/tree/master/packages/babel-plugin-syntax-exponentation-operator"
"babel-plugin-syntax-flow@6.18.0","MIT","https://github.com/babel/babel/tree/master/packages/babel-plugin-syntax-flow"
"babel-plugin-syntax-object-rest-spread@6.13.0","MIT","https://github.com/babel/babel/tree/master/packages/babel-plugin-syntax-object-rest-spread"
"babel-plugin-syntax-trailing-function-commas@6.22.0","MIT","https://github.com/babel/babel/tree/master/packages/babel-plugin-syntax-trailing-function-commas"
"babel-plugin-transform-async-generator-functions@6.24.1","MIT","https://github.com/babel/babel/tree/master/packages/babel-plugin-transform-async-generator-functions"
"babel-plugin-transform-async-to-generator@6.24.1","MIT","https://github.com/babel/babel/tree/master/packages/babel-plugin-transform-async-to-generator"
"babel-plugin-transform-class-properties@6.24.1","MIT","https://github.com/babel/babel/tree/master/packages/babel-plugin-transform-class-properties"
"babel-plugin-transform-decorators@6.24.1","MIT","https://github.com/babel/babel/tree/master/packages/babel-plugin-transform-decorators"
"babel-plugin-transform-es2015-arrow-functions@6.22.0","MIT","https://github.com/babel/babel/tree/master/packages/babel-plugin-transform-es2015-arrow-functions"
"babel-plugin-transform-es2015-block-scoped-functions@6.22.0","MIT","https://github.com/babel/babel/tree/master/packages/babel-plugin-transform-es2015-block-scoped-functions"
"babel-plugin-transform-es2015-block-scoping@6.26.0","MIT","https://github.com/babel/babel/tree/master/packages/babel-plugin-transform-es2015-block-scoping"
"babel-plugin-transform-es2015-classes@6.24.1","MIT","https://github.com/babel/babel/tree/master/packages/babel-plugin-transform-es2015-classes"
"babel-plugin-transform-es2015-computed-properties@6.24.1","MIT","https://github.com/babel/babel/tree/master/packages/babel-plugin-transform-es2015-computed-properties"
"babel-plugin-transform-es2015-destructuring@6.23.0","MIT","https://github.com/babel/babel/tree/master/packages/babel-plugin-transform-es2015-destructuring"
"babel-plugin-transform-es2015-duplicate-keys@6.24.1","MIT","https://github.com/babel/babel/tree/master/packages/babel-plugin-transform-es2015-duplicate-keys"
"babel-plugin-transform-es2015-for-of@6.23.0","MIT","https://github.com/babel/babel/tree/master/packages/babel-plugin-transform-es2015-for-of"
"babel-plugin-transform-es2015-function-name@6.24.1","MIT","https://github.com/babel/babel/tree/master/packages/babel-plugin-transform-es2015-function-name"
"babel-plugin-transform-es2015-literals@6.22.0","MIT","https://github.com/babel/babel/tree/master/packages/babel-plugin-transform-es2015-literals"
"babel-plugin-transform-es2015-modules-amd@6.24.1","MIT","https://github.com/babel/babel/tree/master/packages/babel-plugin-transform-es2015-modules-amd"
"babel-plugin-transform-es2015-modules-commonjs@6.26.2","MIT","https://github.com/babel/babel/tree/master/packages/babel-plugin-transform-es2015-modules-commonjs"
"babel-plugin-transform-es2015-modules-systemjs@6.24.1","MIT","https://github.com/babel/babel/tree/master/packages/babel-plugin-transform-es2015-modules-systemjs"
"babel-plugin-transform-es2015-modules-umd@6.24.1","MIT","https://github.com/babel/babel/tree/master/packages/babel-plugin-transform-es2015-modules-umd"
"babel-plugin-transform-es2015-object-super@6.24.1","MIT","https://github.com/babel/babel/tree/master/packages/babel-plugin-transform-es2015-object-super"
"babel-plugin-transform-es2015-parameters@6.24.1","MIT","https://github.com/babel/babel/tree/master/packages/babel-plugin-transform-es2015-parameters"
"babel-plugin-transform-es2015-shorthand-properties@6.24.1","MIT","https://github.com/babel/babel/tree/master/packages/babel-plugin-transform-es2015-shorthand-properties"
"babel-plugin-transform-es2015-spread@6.22.0","MIT","https://github.com/babel/babel/tree/master/packages/babel-plugin-transform-es2015-spread"
"babel-plugin-transform-es2015-sticky-regex@6.24.1","MIT","https://github.com/babel/babel/tree/master/packages/babel-plugin-transform-es2015-sticky-regex"
"babel-plugin-transform-es2015-template-literals@6.22.0","MIT","https://github.com/babel/babel/tree/master/packages/babel-plugin-transform-es2015-template-literals"
"babel-plugin-transform-es2015-typeof-symbol@6.23.0","MIT","https://github.com/babel/babel/tree/master/packages/babel-plugin-transform-es2015-typeof-symbol"
"babel-plugin-transform-es2015-unicode-regex@6.24.1","MIT","https://github.com/babel/babel/tree/master/packages/babel-plugin-transform-es2015-unicode-regex"
"babel-plugin-transform-exponentiation-operator@6.24.1","MIT","https://github.com/babel/babel/tree/master/packages/babel-plugin-transform-exponentiation-operator"
"babel-plugin-transform-flow-strip-types@6.22.0","MIT","https://github.com/babel/babel/tree/master/packages/babel-plugin-transform-flow-strip-types"
"babel-plugin-transform-for-of-as-array@1.1.1","MIT","https://github.com/jridgewell/babel-plugin-transform-for-of-as-array"
"babel-plugin-transform-object-rest-spread@6.26.0","MIT","https://github.com/babel/babel/tree/master/packages/babel-plugin-transform-object-rest-spread"
"babel-plugin-transform-regenerator@6.26.0","MIT","https://github.com/babel/babel/tree/master/packages/babel-plugin-transform-regenerator"
"babel-plugin-transform-runtime@6.15.0","MIT","https://github.com/babel/babel/tree/master/packages/babel-plugin-transform-runtime"
"babel-plugin-transform-runtime@6.23.0","MIT","https://github.com/babel/babel/tree/master/packages/babel-plugin-transform-runtime"
"babel-plugin-transform-strict-mode@6.24.1","MIT","https://github.com/babel/babel/tree/master/packages/babel-plugin-transform-strict-mode"
"babel-preset-env@1.7.0","MIT","https://github.com/babel/babel-preset-env"
"babel-preset-flow@6.23.0","MIT","https://github.com/babel/babel/tree/master/packages/babel-preset-flow"
"babel-preset-jest@23.2.0","MIT","https://github.com/facebook/jest"
"babel-preset-stage-2@6.24.1","MIT","https://github.com/babel/babel/tree/master/packages/babel-preset-stage-2"
"babel-preset-stage-3@6.24.1","MIT","https://github.com/babel/babel/tree/master/packages/babel-preset-stage-3"
"babel-register@6.26.0","MIT","https://github.com/babel/babel/tree/master/packages/babel-register"
"babel-runtime@5.8.38","MIT","https://github.com/babel/babel"
"babel-runtime@6.26.0","MIT","https://github.com/babel/babel/tree/master/packages/babel-runtime"
"babel-template@6.26.0","MIT","https://github.com/babel/babel/tree/master/packages/babel-template"
"babel-traverse@6.26.0","MIT","https://github.com/babel/babel/tree/master/packages/babel-traverse"
"babel-types@6.26.0","MIT","https://github.com/babel/babel/tree/master/packages/babel-types"
"babylon@6.18.0","MIT","https://github.com/babel/babylon"
"backo2@1.0.2","MIT","https://github.com/mokesmokes/backo"
"balanced-match@1.0.0","MIT","https://github.com/juliangruber/balanced-match"
"base64-arraybuffer@0.1.5","MIT","https://github.com/niklasvh/base64-arraybuffer"
"base64-js@1.3.0","MIT","https://github.com/beatgammit/base64-js"
"base64id@1.0.0","MIT","https://github.com/faeldt/base64id"
"base@0.11.2","MIT","https://github.com/node-base/base"
"bcrypt-pbkdf@1.0.2","BSD-3-Clause","https://github.com/joyent/node-bcrypt-pbkdf"
"beeper@1.1.1","MIT","https://github.com/sindresorhus/beeper"
"better-assert@1.0.2","MIT*","https://github.com/visionmedia/better-assert"
"big.js@5.2.2","MIT","https://github.com/MikeMcl/big.js"
"bin-v8-flags-filter@1.2.0","MIT","https://github.com/inikulin/bin-v8-flags-filter"
"binary-extensions@1.13.1","MIT","https://github.com/sindresorhus/binary-extensions"
"blob@0.0.5","MIT","https://github.com/webmodules/blob"
"blocking-proxy@1.0.1","MIT","https://github.com/angular/jasminewd"
"bluebird@3.5.5","MIT","https://github.com/petkaantonov/bluebird"
"body-parser@1.18.2","MIT","https://github.com/expressjs/body-parser"
"body-parser@1.18.3","MIT","https://github.com/expressjs/body-parser"
"boolbase@1.0.0","ISC","https://github.com/fb55/boolbase"
"bowser@1.6.0","MIT","https://github.com/ded/bowser"
"boxen@1.3.0","MIT","https://github.com/sindresorhus/boxen"
"brace-expansion@1.1.11","MIT","https://github.com/juliangruber/brace-expansion"
"braces@0.1.5","MIT","https://github.com/jonschlinkert/braces"
"braces@1.8.5","MIT","https://github.com/jonschlinkert/braces"
"braces@2.3.2","MIT","https://github.com/micromatch/braces"
"brotli@1.3.2","MIT","https://github.com/devongovett/brotli.js"
"browser-process-hrtime@0.1.3","BSD-2-Clause","https://github.com/kumavis/browser-process-hrtime"
"browser-resolve@1.11.3","MIT","https://github.com/shtylman/node-browser-resolve"
"browser-stdout@1.3.1","ISC","https://github.com/kumavis/browser-stdout"
"browserslist@3.2.8","MIT","https://github.com/browserslist/browserslist"
"browserstack@1.5.2","MIT*","https://github.com/scottgonzalez/node-browserstack"
"bs-logger@0.2.6","MIT","https://github.com/huafu/bs-logger"
"bser@2.0.0","Apache-2.0","https://github.com/facebook/watchman"
"buffer-alloc-unsafe@1.1.0","MIT","https://github.com/LinusU/buffer-alloc-unsafe"
"buffer-alloc@1.2.0","MIT","https://github.com/LinusU/buffer-alloc"
"buffer-crc32@0.2.13","MIT","https://github.com/brianloveswords/buffer-crc32"
"buffer-fill@1.0.0","MIT","https://github.com/LinusU/buffer-fill"
"buffer-from@1.1.1","MIT","https://github.com/LinusU/buffer-from"
"builtin-modules@1.1.1","MIT","https://github.com/sindresorhus/builtin-modules"
"busboy@0.2.14","MIT","https://github.com/mscdex/busboy"
"bytes@3.0.0","MIT","https://github.com/visionmedia/bytes.js"
"cache-base@1.0.1","MIT","https://github.com/jonschlinkert/cache-base"
"callsite-record@4.1.3","MIT","https://github.com/inikulin/source-frame"
"callsite@1.0.0","MIT*",""
"callsites@2.0.0","MIT","https://github.com/sindresorhus/callsites"
"callsites@3.1.0","MIT","https://github.com/sindresorhus/callsites"
"camelcase@4.1.0","MIT","https://github.com/sindresorhus/camelcase"
"caniuse-lite@1.0.30000974","CC-BY-4.0","https://github.com/ben-eb/caniuse-lite"
"capture-exit@1.2.0","ISC","https://github.com/stefanpenner/capture-exit"
"capture-stack-trace@1.0.1","MIT","https://github.com/floatdrop/capture-stack-trace"
"caseless@0.12.0","Apache-2.0","https://github.com/mikeal/caseless"
"chai@3.5.0","MIT","https://github.com/chaijs/chai"
"chai@4.2.0","MIT","https://github.com/chaijs/chai"
"chalk@1.1.3","MIT","https://github.com/chalk/chalk"
"chalk@2.4.2","MIT","https://github.com/chalk/chalk"
"chardet@0.7.0","MIT","https://github.com/runk/node-chardet"
"check-error@1.0.2","MIT","https://github.com/chaijs/check-error"
"cheerio@1.0.0-rc.3","MIT","https://github.com/cheeriojs/cheerio"
"chokidar@2.1.6","MIT","https://github.com/paulmillr/chokidar"
"chrome-emulated-devices-list@0.1.1","MIT","https://github.com/AndreyBelym/chrome-emulated-devices-list"
"chrome-remote-interface@0.25.7","MIT","https://github.com/cyrus-and/chrome-remote-interface"
"ci-info@1.6.0","MIT","https://github.com/watson/ci-info"
"circular-json@0.5.9","MIT","https://github.com/WebReflection/circular-json"
"class-utils@0.3.6","MIT","https://github.com/jonschlinkert/class-utils"
"cli-boxes@1.0.0","MIT","https://github.com/sindresorhus/cli-boxes"
"cli-color@1.2.0","MIT","https://github.com/medikoo/cli-color"
"cli-cursor@2.1.0","MIT","https://github.com/sindresorhus/cli-cursor"
"cli-width@2.2.0","ISC","https://github.com/knownasilya/cli-width"
"cliui@4.1.0","ISC","https://github.com/yargs/cliui"
"clone-stats@0.0.1","MIT","https://github.com/hughsk/clone-stats"
"clone@0.2.0","MIT","https://github.com/pvorb/node-clone"
"clone@1.0.4","MIT","https://github.com/pvorb/node-clone"
"co@4.6.0","MIT","https://github.com/tj/co"
"code-point-at@1.1.0","MIT","https://github.com/sindresorhus/code-point-at"
"codelyzer@4.5.0","MIT","https://github.com/mgechev/codelyzer"
"coffeescript@2.4.1","MIT","https://github.com/jashkenas/coffeescript"
"collection-visit@1.0.0","MIT","https://github.com/jonschlinkert/collection-visit"
"color-convert@1.9.3","MIT","https://github.com/Qix-/color-convert"
"color-name@1.1.3","MIT","https://github.com/dfcreative/color-name"
"color-support@1.1.3","ISC","https://github.com/isaacs/color-support"
"colors@1.1.2","MIT","https://github.com/Marak/colors.js"
"combine-lists@1.0.1","MIT","https://github.com/sjelin/combine-lists"
"combined-stream@1.0.8","MIT","https://github.com/felixge/node-combined-stream"
"commander@2.11.0","MIT","https://github.com/tj/commander.js"
"commander@2.15.1","MIT","https://github.com/tj/commander.js"
"commander@2.20.0","MIT","https://github.com/tj/commander.js"
"compare-versions@3.4.0","MIT","https://github.com/omichelsen/compare-versions"
"component-bind@1.0.0","MIT*","https://github.com/component/bind"
"component-emitter@1.2.1","MIT","https://github.com/component/emitter"
"component-emitter@1.3.0","MIT","https://github.com/component/emitter"
"component-inherit@0.0.3","MIT*","https://github.com/component/inherit"
"concat-map@0.0.1","MIT","https://github.com/substack/node-concat-map"
"concat-stream@1.6.2","MIT","https://github.com/maxogden/concat-stream"
"configstore@3.1.2","BSD-2-Clause","https://github.com/yeoman/configstore"
"connect@3.7.0","MIT","https://github.com/senchalabs/connect"
"connected-domain@1.0.0","MIT","https://github.com/neekey/connected-domain"
"consola@1.4.5","MIT","https://github.com/nuxt/consola"
"content-disposition@0.5.2","MIT","https://github.com/jshttp/content-disposition"
"content-type@1.0.4","MIT","https://github.com/jshttp/content-type"
"convert-source-map@1.6.0","MIT","https://github.com/thlorenz/convert-source-map"
"cookie-signature@1.0.6","MIT","https://github.com/visionmedia/node-cookie-signature"
"cookie@0.3.1","MIT","https://github.com/jshttp/cookie"
"cookiejar@2.1.2","MIT","https://github.com/bmeck/node-cookiejar"
"copy-descriptor@0.1.1","MIT","https://github.com/jonschlinkert/copy-descriptor"
"core-js@1.2.7","MIT","https://github.com/zloirock/core-js"
"core-js@2.6.9","MIT","https://github.com/zloirock/core-js"
"core-util-is@1.0.2","MIT","https://github.com/isaacs/core-util-is"
"cors@2.8.4","MIT","https://github.com/expressjs/cors"
"create-error-class@3.0.2","MIT","https://github.com/floatdrop/create-error-class"
"cross-env@5.2.0","MIT","https://github.com/kentcdodds/cross-env"
"cross-spawn@4.0.0","MIT","https://github.com/IndigoUnited/node-cross-spawn"
"cross-spawn@5.1.0","MIT","https://github.com/IndigoUnited/node-cross-spawn"
"cross-spawn@6.0.5","MIT","https://github.com/moxystudio/node-cross-spawn"
"crypto-md5@1.0.0","BSD*","https://github.com/jtblin/crypto-md5"
"crypto-random-string@1.0.0","MIT","https://github.com/sindresorhus/crypto-random-string"
"css-select@1.2.0","BSD*","https://github.com/fb55/css-select"
"css-selector-tokenizer@0.7.1","MIT","https://github.com/css-modules/css-selector-tokenizer"
"css-what@2.1.3","BSD-2-Clause","https://github.com/fb55/css-what"
"css@2.2.3","MIT","https://github.com/reworkcss/css"
"cssauron@1.4.0","MIT","https://github.com/chrisdickinson/cssauron"
"cssesc@0.1.0","MIT","https://github.com/mathiasbynens/cssesc"
"cssom@0.3.6","MIT","https://github.com/NV/CSSOM"
"cssstyle@1.2.2","MIT","https://github.com/jsakas/CSSStyleDeclaration"
"custom-event@1.0.1","MIT","https://github.com/webmodules/custom-event"
"d@1.0.0","MIT","https://github.com/medikoo/d"
"dargs@5.1.0","MIT","https://github.com/sindresorhus/dargs"
"dashdash@1.14.1","MIT","https://github.com/trentm/node-dashdash"
"data-urls@1.1.0","MIT","https://github.com/jsdom/data-urls"
"date-format@1.2.0","MIT","https://github.com/nomiddlename/date-format"
"dateformat@2.2.0","MIT","https://github.com/felixge/node-dateformat"
"debug@2.6.9","MIT","https://github.com/visionmedia/debug"
"debug@3.1.0","MIT","https://github.com/visionmedia/debug"
"debug@3.2.6","MIT","https://github.com/visionmedia/debug"
"debug@4.1.1","MIT","https://github.com/visionmedia/debug"
"decamelize@1.2.0","MIT","https://github.com/sindresorhus/decamelize"
"decode-uri-component@0.2.0","MIT","https://github.com/SamVerschueren/decode-uri-component"
"dedent@0.4.0","MIT","https://github.com/dmnd/dedent"
"dedent@0.6.0","MIT","https://github.com/dmnd/dedent"
"deep-eql@0.1.3","MIT","https://github.com/chaijs/deep-eql"
"deep-eql@3.0.1","MIT","https://github.com/chaijs/deep-eql"
"deep-extend@0.6.0","MIT","https://github.com/unclechu/node-deep-extend"
"deep-is@0.1.3","MIT","https://github.com/thlorenz/deep-is"
"deepmerge@2.2.1","MIT","https://github.com/KyleAMathews/deepmerge"
"default-require-extensions@1.0.0","MIT","https://github.com/jamestalmage/default-require-extensions"
"default-require-extensions@2.0.0","MIT","https://github.com/avajs/default-require-extensions"
"defaults@1.0.3","MIT","https://github.com/tmpvar/defaults"
"define-properties@1.1.3","MIT","https://github.com/ljharb/define-properties"
"define-property@0.2.5","MIT","https://github.com/jonschlinkert/define-property"
"define-property@1.0.0","MIT","https://github.com/jonschlinkert/define-property"
"define-property@2.0.2","MIT","https://github.com/jonschlinkert/define-property"
"del@2.2.2","MIT","https://github.com/sindresorhus/del"
"del@3.0.0","MIT","https://github.com/sindresorhus/del"
"delayed-stream@1.0.0","MIT","https://github.com/felixge/node-delayed-stream"
"denodeify@1.2.1","MIT","https://github.com/matthew-andrews/denodeify"
"depd@1.1.1","MIT","https://github.com/dougwilson/nodejs-depd"
"depd@1.1.2","MIT","https://github.com/dougwilson/nodejs-depd"
"deprecate@1.0.0","MIT","https://github.com/brianc/node-deprecate"
"deprecated@0.0.1","MIT","https://github.com/wearefractal/deprecated"
"destroy@1.0.4","MIT","https://github.com/stream-utils/destroy"
"detect-file@1.0.0","MIT","https://github.com/doowb/detect-file"
"detect-indent@4.0.0","MIT","https://github.com/sindresorhus/detect-indent"
"detect-newline@2.1.0","MIT","https://github.com/sindresorhus/detect-newline"
"di@0.0.1","MIT","https://github.com/vojtajina/node-di"
"dicer@0.2.5","MIT","https://github.com/mscdex/dicer"
"diff@3.5.0","BSD-3-Clause","https://github.com/kpdecker/jsdiff"
"doctrine@3.0.0","Apache-2.0","https://github.com/eslint/doctrine"
"dom-serialize@2.2.1","MIT","https://github.com/webmodules/dom-serialize"
"dom-serializer@0.1.1","MIT","https://github.com/cheeriojs/dom-renderer"
"domelementtype@1.3.1","BSD-2-Clause","https://github.com/fb55/domelementtype"
"domexception@1.0.1","MIT","https://github.com/jsdom/domexception"
"domhandler@2.4.2","BSD-2-Clause","https://github.com/fb55/DomHandler"
"domutils@1.5.1","BSD*","https://github.com/FB55/domutils"
"dot-prop@4.2.0","MIT","https://github.com/sindresorhus/dot-prop"
"duplexer2@0.0.2","BSD*","https://github.com/deoxxa/duplexer2"
"duplexer3@0.1.4","BSD-3-Clause","https://github.com/floatdrop/duplexer3"
"ecc-jsbn@0.1.2","MIT","https://github.com/quartzjer/ecc-jsbn"
"edit-json-file@1.2.1","MIT","https://github.com/IonicaBizau/edit-json-file"
"ee-first@1.1.1","MIT","https://github.com/jonathanong/ee-first"
"electron-to-chromium@1.3.150","ISC","https://github.com/kilian/electron-to-chromium"
"elegant-spinner@1.0.1","MIT","https://github.com/sindresorhus/elegant-spinner"
"emittery@0.4.1","MIT","https://github.com/sindresorhus/emittery"
"emoji-regex@7.0.3","MIT","https://github.com/mathiasbynens/emoji-regex"
"emojis-list@2.1.0","MIT","https://github.com/kikobeats/emojis-list"
"encodeurl@1.0.2","MIT","https://github.com/pillarjs/encodeurl"
"end-of-stream@0.1.5","MIT","https://github.com/mafintosh/end-of-stream"
"endpoint-utils@1.0.2","MIT","https://github.com/inikulin/endpoint-utils"
"engine.io-client@3.2.1","MIT","https://github.com/socketio/engine.io-client"
"engine.io-parser@2.1.3","MIT","https://github.com/socketio/engine.io-parser"
"engine.io@3.2.1","MIT","https://github.com/socketio/engine.io"
"enhanced-resolve@4.1.0","MIT","https://github.com/webpack/enhanced-resolve"
"ent@2.2.0","MIT","https://github.com/substack/node-ent"
"entities@1.1.2","BSD-2-Clause","https://github.com/fb55/entities"
"errno@0.1.7","MIT","https://github.com/rvagg/node-errno"
"error-ex@1.3.2","MIT","https://github.com/qix-/node-error-ex"
"error-stack-parser@1.3.6","Unlicense","https://github.com/stacktracejs/error-stack-parser"
"es-abstract@1.13.0","MIT","https://github.com/ljharb/es-abstract"
"es-to-primitive@1.2.0","MIT","https://github.com/ljharb/es-to-primitive"
"es5-ext@0.10.50","ISC","https://github.com/medikoo/es5-ext"
"es6-iterator@2.0.3","MIT","https://github.com/medikoo/es6-iterator"
"es6-promise@4.2.8","MIT","https://github.com/stefanpenner/es6-promise"
"es6-promisify@5.0.0","MIT","https://github.com/digitaldesignlabs/es6-promisify"
"es6-symbol@3.1.1","MIT","https://github.com/medikoo/es6-symbol"
"es6-weak-map@2.0.2","MIT","https://github.com/medikoo/es6-weak-map"
"escape-html@1.0.3","MIT","https://github.com/component/escape-html"
"escape-string-regexp@1.0.5","MIT","https://github.com/sindresorhus/escape-string-regexp"
"escodegen@1.11.1","BSD-2-Clause","https://github.com/estools/escodegen"
"eslint-scope@4.0.3","BSD-2-Clause","https://github.com/eslint/eslint-scope"
"eslint-utils@1.3.1","MIT","https://github.com/mysticatea/eslint-utils"
"eslint-visitor-keys@1.0.0","Apache-2.0","https://github.com/eslint/eslint-visitor-keys"
"eslint@5.16.0","MIT","https://github.com/eslint/eslint"
"esm@3.2.25","MIT","https://github.com/standard-things/esm"
"esotope-hammerhead@0.2.1","MIT","https://github.com/miherlosev/esotope-hammerhead"
"espree@5.0.1","BSD-2-Clause","https://github.com/eslint/espree"
"esprima@3.1.3","BSD-2-Clause","https://github.com/jquery/esprima"
"esprima@4.0.1","BSD-2-Clause","https://github.com/jquery/esprima"
"esquery@1.0.1","BSD-3-Clause","https://github.com/jrfeenst/esquery"
"esrecurse@4.2.1","BSD-2-Clause","https://github.com/estools/esrecurse"
"estraverse@4.2.0","BSD-2-Clause","https://github.com/estools/estraverse"
"esutils@2.0.2","BSD","https://github.com/estools/esutils"
"etag@1.8.1","MIT","https://github.com/jshttp/etag"
"event-emitter@0.3.5","MIT","https://github.com/medikoo/event-emitter"
"eventemitter3@3.1.2","MIT","https://github.com/primus/eventemitter3"
"exec-sh@0.2.2","MIT","https://github.com/tsertkov/exec-sh"
"execa@0.10.0","MIT","https://github.com/sindresorhus/execa"
"execa@0.7.0","MIT","https://github.com/sindresorhus/execa"
"exit@0.1.2","MIT","https://github.com/cowboy/node-exit"
"expand-braces@0.1.2","MIT","https://github.com/jonschlinkert/expand-braces"
"expand-brackets@0.1.5","MIT","https://github.com/jonschlinkert/expand-brackets"
"expand-brackets@2.1.4","MIT","https://github.com/jonschlinkert/expand-brackets"
"expand-range@0.1.1","MIT","https://github.com/jonschlinkert/expand-range"
"expand-range@1.8.2","MIT","https://github.com/jonschlinkert/expand-range"
"expand-tilde@2.0.2","MIT","https://github.com/jonschlinkert/expand-tilde"
"expect@23.6.0","MIT","https://github.com/facebook/jest"
"express@4.16.3","MIT","https://github.com/expressjs/express"
"extend-shallow@1.1.4","MIT","https://github.com/jonschlinkert/extend-shallow"
"extend-shallow@2.0.1","MIT","https://github.com/jonschlinkert/extend-shallow"
"extend-shallow@3.0.2","MIT","https://github.com/jonschlinkert/extend-shallow"
"extend@3.0.2","MIT","https://github.com/justmoon/node-extend"
"external-editor@3.0.3","MIT","https://github.com/mrkmg/node-external-editor"
"extglob@0.3.2","MIT","https://github.com/jonschlinkert/extglob"
"extglob@2.0.4","MIT","https://github.com/micromatch/extglob"
"extsprintf@1.3.0","MIT","https://github.com/davepacheco/node-extsprintf"
"fancy-log@1.3.3","MIT","https://github.com/gulpjs/fancy-log"
"fast-deep-equal@2.0.1","MIT","https://github.com/epoberezkin/fast-deep-equal"
"fast-json-stable-stringify@2.0.0","MIT","https://github.com/epoberezkin/fast-json-stable-stringify"
"fast-levenshtein@2.0.6","MIT","https://github.com/hiddentao/fast-levenshtein"
"fast-safe-stringify@1.2.0","MIT","https://github.com/davidmarkclements/fast-safe-stringify"
"fastparse@1.1.2","MIT","https://github.com/webpack/fastparse"
"fb-watchman@2.0.0","Apache-2.0","https://github.com/facebook/watchman"
"fd-slicer@1.1.0","MIT","https://github.com/andrewrk/node-fd-slicer"
"figures@2.0.0","MIT","https://github.com/sindresorhus/figures"
"file-entry-cache@5.0.1","MIT","https://github.com/royriojas/file-entry-cache"
"filename-regex@2.0.1","MIT","https://github.com/regexhq/filename-regex"
"fileset@2.0.3","MIT","https://github.com/mklabs/node-fileset"
"fill-range@2.2.4","MIT","https://github.com/jonschlinkert/fill-range"
"fill-range@4.0.0","MIT","https://github.com/jonschlinkert/fill-range"
"finalhandler@1.1.1","MIT","https://github.com/pillarjs/finalhandler"
"finalhandler@1.1.2","MIT","https://github.com/pillarjs/finalhandler"
"find-index@0.1.1","MIT","https://github.com/jsdf/find-index"
"find-up@1.1.2","MIT","https://github.com/sindresorhus/find-up"
"find-up@2.1.0","MIT","https://github.com/sindresorhus/find-up"
"find-value@1.0.11","MIT","https://github.com/IonicaBizau/find-value"
"findup-sync@2.0.0","MIT","https://github.com/js-cli/node-findup-sync"
"fined@1.2.0","MIT","https://github.com/gulpjs/fined"
"first-chunk-stream@1.0.0","MIT","https://github.com/sindresorhus/first-chunk-stream"
"flagged-respawn@1.0.1","MIT","https://github.com/gulpjs/flagged-respawn"
"flat-cache@2.0.1","MIT","https://github.com/royriojas/flat-cache"
"flatted@2.0.0","ISC","https://github.com/WebReflection/flatted"
"follow-redirects@1.7.0","MIT","https://github.com/follow-redirects/follow-redirects"
"for-in@1.0.2","MIT","https://github.com/jonschlinkert/for-in"
"for-own@0.1.5","MIT","https://github.com/jonschlinkert/for-own"
"for-own@1.0.0","MIT","https://github.com/jonschlinkert/for-own"
"forever-agent@0.6.1","Apache-2.0","https://github.com/mikeal/forever-agent"
"form-data@2.3.3","MIT","https://github.com/form-data/form-data"
"formidable@1.2.1","MIT","https://github.com/felixge/node-formidable"
"forwarded@0.1.2","MIT","https://github.com/jshttp/forwarded"
"fragment-cache@0.2.1","MIT","https://github.com/jonschlinkert/fragment-cache"
"fresh@0.5.2","MIT","https://github.com/jshttp/fresh"
"fs-access@1.0.1","MIT","https://github.com/sindresorhus/fs-access"
"fs-path@0.0.24","MIT","https://github.com/pillys/fs-path"
"fs.realpath@1.0.0","ISC","https://github.com/isaacs/fs.realpath"
"function-bind@1.1.1","MIT","https://github.com/Raynos/function-bind"
"functional-red-black-tree@1.0.1","MIT","https://github.com/mikolalysenko/functional-red-black-tree"
"gaze@0.5.2","MIT","https://github.com/shama/gaze"
"get-caller-file@1.0.3","ISC","https://github.com/stefanpenner/get-caller-file"
"get-func-name@2.0.0","MIT","https://github.com/chaijs/get-func-name"
"get-stdin@4.0.1","MIT","https://github.com/sindresorhus/get-stdin"
"get-stream@3.0.0","MIT","https://github.com/sindresorhus/get-stream"
"get-value@2.0.6","MIT","https://github.com/jonschlinkert/get-value"
"getpass@0.1.7","MIT","https://github.com/arekinath/node-getpass"
"glob-base@0.3.0","MIT","https://github.com/jonschlinkert/glob-base"
"glob-parent@2.0.0","ISC","https://github.com/es128/glob-parent"
"glob-parent@3.1.0","ISC","https://github.com/es128/glob-parent"
"glob-stream@3.1.18","MIT","https://github.com/wearefractal/glob-stream"
"glob-watcher@0.0.6","MIT","https://github.com/wearefractal/glob-watcher"
"glob2base@0.0.12","MIT","https://github.com/wearefractal/glob2base"
"glob@3.1.21","BSD*","https://github.com/isaacs/node-glob"
"glob@4.5.3","ISC","https://github.com/isaacs/node-glob"
"glob@5.0.15","ISC","https://github.com/isaacs/node-glob"
"glob@7.1.2","ISC","https://github.com/isaacs/node-glob"
"glob@7.1.4","ISC","https://github.com/isaacs/node-glob"
"global-dirs@0.1.1","MIT","https://github.com/sindresorhus/global-dirs"
"global-modules@1.0.0","MIT","https://github.com/jonschlinkert/global-modules"
"global-prefix@1.0.2","MIT","https://github.com/jonschlinkert/global-prefix"
"globals@11.12.0","MIT","https://github.com/sindresorhus/globals"
"globals@9.18.0","MIT","https://github.com/sindresorhus/globals"
"globby@3.0.1","MIT","https://github.com/sindresorhus/globby"
"globby@5.0.0","MIT","https://github.com/sindresorhus/globby"
"globby@6.1.0","MIT","https://github.com/sindresorhus/globby"
"globule@0.1.0","MIT","https://github.com/cowboy/node-globule"
"glogg@1.0.2","MIT","https://github.com/gulpjs/glogg"
"got@6.7.1","MIT","https://github.com/sindresorhus/got"
"graceful-fs@1.2.3","BSD*","https://github.com/isaacs/node-graceful-fs"
"graceful-fs@3.0.11","ISC","https://github.com/isaacs/node-graceful-fs"
"graceful-fs@4.1.15","ISC","https://github.com/isaacs/node-graceful-fs"
"graphlib@2.1.7","MIT","https://github.com/dagrejs/graphlib"
"growl@1.10.5","MIT","https://github.com/tj/node-growl"
"growly@1.3.0","MIT","https://github.com/theabraham/growly"
"gulp-babel@8.0.0","MIT","https://github.com/babel/gulp-babel"
"gulp-clone@2.0.1","MIT","https://github.com/mariocasciaro/gulp-clone"
"gulp-data@1.3.1","MIT","https://github.com/colynb/gulp-data"
"gulp-eslint@5.0.0","MIT","https://github.com/adametry/gulp-eslint"
"gulp-mocha@6.0.0","MIT","https://github.com/sindresorhus/gulp-mocha"
"gulp-run-command@0.0.9","MIT","https://github.com/Klathmon/gulp-run-command"
"gulp-util@3.0.8","MIT","https://github.com/gulpjs/gulp-util"
"gulp@3.9.1","MIT","https://github.com/gulpjs/gulp"
"gulplog@1.0.0","MIT","https://github.com/gulpjs/gulplog"
"handlebars@4.1.2","MIT","https://github.com/wycats/handlebars.js"
"har-schema@2.0.0","ISC","https://github.com/ahmadnassri/har-schema"
"har-validator@5.1.3","MIT","https://github.com/ahmadnassri/node-har-validator"
"has-ansi@2.0.0","MIT","https://github.com/sindresorhus/has-ansi"
"has-binary2@1.0.3","MIT",""
"has-cors@1.1.0","MIT","https://github.com/component/has-cors"
"has-flag@1.0.0","MIT","https://github.com/sindresorhus/has-flag"
"has-flag@3.0.0","MIT","https://github.com/sindresorhus/has-flag"
"has-gulplog@0.1.0","MIT","https://github.com/gulpjs/has-gulplog"
"has-symbols@1.0.0","MIT","https://github.com/ljharb/has-symbols"
"has-value@0.3.1","MIT","https://github.com/jonschlinkert/has-value"
"has-value@1.0.0","MIT","https://github.com/jonschlinkert/has-value"
"has-values@0.1.4","MIT","https://github.com/jonschlinkert/has-values"
"has-values@1.0.0","MIT","https://github.com/jonschlinkert/has-values"
"has@1.0.3","MIT","https://github.com/tarruda/has"
"he@1.1.1","MIT","https://github.com/mathiasbynens/he"
"highlight-es@1.0.3","MIT","https://github.com/inikulin/highlight-es"
"home-or-tmp@2.0.0","MIT","https://github.com/sindresorhus/home-or-tmp"
"homedir-polyfill@1.0.3","MIT","https://github.com/doowb/homedir-polyfill"
"hosted-git-info@2.7.1","ISC","https://github.com/npm/hosted-git-info"
"html-encoding-sniffer@1.0.2","MIT","https://github.com/jsdom/html-encoding-sniffer"
"htmlparser2@3.10.1","MIT","https://github.com/fb55/htmlparser2"
"http-errors@1.6.2","MIT","https://github.com/jshttp/http-errors"
"http-errors@1.6.3","MIT","https://github.com/jshttp/http-errors"
"http-proxy@1.17.0","MIT","https://github.com/nodejitsu/node-http-proxy"
"http-signature@1.2.0","MIT","https://github.com/joyent/node-http-signature"
"https-proxy-agent@2.2.1","MIT","https://github.com/TooTallNate/node-https-proxy-agent"
"iconv-lite@0.4.11","MIT","https://github.com/ashtuchkin/iconv-lite"
"iconv-lite@0.4.19","MIT","https://github.com/ashtuchkin/iconv-lite"
"iconv-lite@0.4.23","MIT","https://github.com/ashtuchkin/iconv-lite"
"iconv-lite@0.4.24","MIT","https://github.com/ashtuchkin/iconv-lite"
"ignore-by-default@1.0.1","ISC","https://github.com/novemberborn/ignore-by-default"
"ignore@4.0.6","MIT","https://github.com/kaelzhang/node-ignore"
"immediate@3.0.6","MIT","https://github.com/calvinmetcalf/immediate"
"import-fresh@3.0.0","MIT","https://github.com/sindresorhus/import-fresh"
"import-lazy@2.1.0","MIT","https://github.com/sindresorhus/import-lazy"
"import-lazy@3.1.0","MIT","https://github.com/sindresorhus/import-lazy"
"import-local@1.0.0","MIT","https://github.com/sindresorhus/import-local"
"imurmurhash@0.1.4","MIT","https://github.com/jensyt/imurmurhash-js"
"indent-string@1.2.2","MIT","https://github.com/sindresorhus/indent-string"
"indexof@0.0.1","MIT*",""
"inflight@1.0.6","ISC","https://github.com/npm/inflight"
"inherits@1.0.2","ISC*","https://github.com/isaacs/inherits"
"inherits@2.0.3","ISC","https://github.com/isaacs/inherits"
"ini@1.3.5","ISC","https://github.com/isaacs/ini"
"inquirer@6.3.1","MIT","https://github.com/SBoudrias/Inquirer.js"
"interpret@1.2.0","MIT","https://github.com/gulpjs/interpret"
"invariant@2.2.4","MIT","https://github.com/zertosh/invariant"
"invert-kv@1.0.0","MIT","https://github.com/sindresorhus/invert-kv"
"ip@1.1.5","MIT","https://github.com/indutny/node-ip"
"ipaddr.js@1.9.0","MIT","https://github.com/whitequark/ipaddr.js"
"is-absolute@1.0.0","MIT","https://github.com/jonschlinkert/is-absolute"
"is-accessor-descriptor@0.1.6","MIT","https://github.com/jonschlinkert/is-accessor-descriptor"
"is-accessor-descriptor@1.0.0","MIT","https://github.com/jonschlinkert/is-accessor-descriptor"
"is-arrayish@0.2.1","MIT","https://github.com/qix-/node-is-arrayish"
"is-binary-path@1.0.1","MIT","https://github.com/sindresorhus/is-binary-path"
"is-buffer@1.1.6","MIT","https://github.com/feross/is-buffer"
"is-callable@1.1.4","MIT","https://github.com/ljharb/is-callable"
"is-ci@1.2.1","MIT","https://github.com/watson/is-ci"
"is-data-descriptor@0.1.4","MIT","https://github.com/jonschlinkert/is-data-descriptor"
"is-data-descriptor@1.0.0","MIT","https://github.com/jonschlinkert/is-data-descriptor"
"is-date-object@1.0.1","MIT","https://github.com/ljharb/is-date-object"
"is-descriptor@0.1.6","MIT","https://github.com/jonschlinkert/is-descriptor"
"is-descriptor@1.0.2","MIT","https://github.com/jonschlinkert/is-descriptor"
"is-docker@1.1.0","MIT","https://github.com/sindresorhus/is-docker"
"is-dotfile@1.0.3","MIT","https://github.com/jonschlinkert/is-dotfile"
"is-equal-shallow@0.1.3","MIT","https://github.com/jonschlinkert/is-equal-shallow"
"is-es2016-keyword@1.0.0","MIT","https://github.com/inikulin/is-es2016-keyword"
"is-extendable@0.1.1","MIT","https://github.com/jonschlinkert/is-extendable"
"is-extendable@1.0.1","MIT","https://github.com/jonschlinkert/is-extendable"
"is-extglob@1.0.0","MIT","https://github.com/jonschlinkert/is-extglob"
"is-extglob@2.1.1","MIT","https://github.com/jonschlinkert/is-extglob"
"is-finite@1.0.2","MIT","https://github.com/sindresorhus/is-finite"
"is-fullwidth-code-point@1.0.0","MIT","https://github.com/sindresorhus/is-fullwidth-code-point"
"is-fullwidth-code-point@2.0.0","MIT","https://github.com/sindresorhus/is-fullwidth-code-point"
"is-generator-fn@1.0.0","MIT","https://github.com/sindresorhus/is-generator-fn"
"is-glob@2.0.1","MIT","https://github.com/jonschlinkert/is-glob"
"is-glob@3.1.0","MIT","https://github.com/jonschlinkert/is-glob"
"is-glob@4.0.1","MIT","https://github.com/micromatch/is-glob"
"is-installed-globally@0.1.0","MIT","https://github.com/sindresorhus/is-installed-globally"
"is-jquery-obj@0.1.1","MIT","https://github.com/miherlosev/is-jquery-obj"
"is-npm@1.0.0","MIT","https://github.com/sindresorhus/is-npm"
"is-number@0.1.1","MIT","https://github.com/jonschlinkert/is-number"
"is-number@2.1.0","MIT","https://github.com/jonschlinkert/is-number"
"is-number@3.0.0","MIT","https://github.com/jonschlinkert/is-number"
"is-number@4.0.0","MIT","https://github.com/jonschlinkert/is-number"
"is-obj@1.0.1","MIT","https://github.com/sindresorhus/is-obj"
"is-path-cwd@1.0.0","MIT","https://github.com/sindresorhus/is-path-cwd"
"is-path-in-cwd@1.0.1","MIT","https://github.com/sindresorhus/is-path-in-cwd"
"is-path-inside@1.0.1","MIT","https://github.com/sindresorhus/is-path-inside"
"is-plain-object@2.0.4","MIT","https://github.com/jonschlinkert/is-plain-object"
"is-posix-bracket@0.1.1","MIT","https://github.com/jonschlinkert/is-posix-bracket"
"is-primitive@2.0.0","MIT","https://github.com/jonschlinkert/is-primitive"
"is-promise@2.1.0","MIT","https://github.com/then/is-promise"
"is-redirect@1.0.0","MIT","https://github.com/sindresorhus/is-redirect"
"is-regex@1.0.4","MIT","https://github.com/ljharb/is-regex"
"is-relative@1.0.0","MIT","https://github.com/jonschlinkert/is-relative"
"is-retry-allowed@1.1.0","MIT","https://github.com/floatdrop/is-retry-allowed"
"is-stream@1.1.0","MIT","https://github.com/sindresorhus/is-stream"
"is-symbol@1.0.2","MIT","https://github.com/ljharb/is-symbol"
"is-typedarray@1.0.0","MIT","https://github.com/hughsk/is-typedarray"
"is-unc-path@1.0.0","MIT","https://github.com/jonschlinkert/is-unc-path"
"is-utf8@0.2.1","MIT","https://github.com/wayfind/is-utf8"
"is-windows@1.0.2","MIT","https://github.com/jonschlinkert/is-windows"
"is-wsl@1.1.0","MIT","https://github.com/sindresorhus/is-wsl"
"isarray@0.0.1","MIT","https://github.com/juliangruber/isarray"
"isarray@1.0.0","MIT","https://github.com/juliangruber/isarray"
"isarray@2.0.1","MIT","https://github.com/juliangruber/isarray"
"isbinaryfile@3.0.3","MIT","https://github.com/gjtorikian/isBinaryFile"
"isexe@2.0.0","ISC","https://github.com/isaacs/isexe"
"isobject@2.1.0","MIT","https://github.com/jonschlinkert/isobject"
"isobject@3.0.1","MIT","https://github.com/jonschlinkert/isobject"
"isstream@0.1.2","MIT","https://github.com/rvagg/isstream"
"istanbul-api@1.3.7","BSD-3-Clause","https://github.com/istanbuljs/istanbuljs"
"istanbul-api@2.1.6","BSD-3-Clause","https://github.com/istanbuljs/istanbuljs"
"istanbul-lib-coverage@1.2.1","BSD-3-Clause","https://github.com/istanbuljs/istanbuljs"
"istanbul-lib-coverage@2.0.5","BSD-3-Clause","https://github.com/istanbuljs/istanbuljs"
"istanbul-lib-hook@1.2.2","BSD-3-Clause","https://github.com/istanbuljs/istanbuljs"
"istanbul-lib-hook@2.0.7","BSD-3-Clause","https://github.com/istanbuljs/istanbuljs"
"istanbul-lib-instrument@1.10.2","BSD-3-Clause","https://github.com/istanbuljs/istanbuljs"
"istanbul-lib-instrument@3.3.0","BSD-3-Clause","https://github.com/istanbuljs/istanbuljs"
"istanbul-lib-report@1.1.5","BSD-3-Clause","https://github.com/istanbuljs/istanbuljs"
"istanbul-lib-report@2.0.8","BSD-3-Clause","https://github.com/istanbuljs/istanbuljs"
"istanbul-lib-source-maps@1.2.6","BSD-3-Clause","https://github.com/istanbuljs/istanbuljs"
"istanbul-lib-source-maps@3.0.6","BSD-3-Clause","https://github.com/istanbuljs/istanbuljs"
"istanbul-reports@1.5.1","BSD-3-Clause","https://github.com/istanbuljs/istanbuljs"
"istanbul-reports@2.2.6","BSD-3-Clause","https://github.com/istanbuljs/istanbuljs"
"iterare@0.0.8","ISC","https://github.com/felixfbecker/iterare"
"iterate-object@1.3.3","MIT","https://github.com/IonicaBizau/node-iterate-object"
"jasmine-core@2.8.0","MIT","https://github.com/jasmine/jasmine"
"jasmine-core@2.99.1","MIT","https://github.com/jasmine/jasmine"
"jasmine-marbles@0.5.0","MIT",""
"jasmine-spec-reporter@4.2.1","Apache-2.0","https://github.com/bcaudan/jasmine-spec-reporter"
"jasmine@2.8.0","MIT","https://github.com/jasmine/jasmine-npm"
"jasminewd2@2.2.0","MIT","https://github.com/angular/jasminewd"
"jest-changed-files@23.4.2","MIT","https://github.com/facebook/jest"
"jest-cli@23.6.0","MIT","https://github.com/facebook/jest"
"jest-config@23.6.0","MIT","https://github.com/facebook/jest"
"jest-diff@23.6.0","MIT","https://github.com/facebook/jest"
"jest-docblock@23.2.0","MIT","https://github.com/facebook/jest"
"jest-each@23.6.0","MIT","https://github.com/facebook/jest"
"jest-environment-jsdom@23.4.0","MIT","https://github.com/facebook/jest"
"jest-environment-node@23.4.0","MIT","https://github.com/facebook/jest"
"jest-get-type@22.4.3","MIT","https://github.com/facebook/jest"
"jest-haste-map@23.6.0","MIT","https://github.com/facebook/jest"
"jest-jasmine2@23.6.0","MIT","https://github.com/facebook/jest"
"jest-leak-detector@23.6.0","MIT","https://github.com/facebook/jest"
"jest-matcher-utils@23.6.0","MIT","https://github.com/facebook/jest"
"jest-message-util@23.4.0","MIT","https://github.com/facebook/jest"
"jest-mock@23.2.0","MIT","https://github.com/facebook/jest"
"jest-regex-util@23.3.0","MIT","https://github.com/facebook/jest"
"jest-resolve-dependencies@23.6.0","MIT","https://github.com/facebook/jest"
"jest-resolve@23.6.0","MIT","https://github.com/facebook/jest"
"jest-runner@23.6.0","MIT","https://github.com/facebook/jest"
"jest-runtime@23.6.0","MIT","https://github.com/facebook/jest"
"jest-serializer@23.0.1","MIT","https://github.com/facebook/jest"
"jest-snapshot@23.6.0","MIT","https://github.com/facebook/jest"
"jest-util@23.4.0","MIT","https://github.com/facebook/jest"
"jest-validate@23.6.0","MIT","https://github.com/facebook/jest"
"jest-watcher@23.4.0","MIT","https://github.com/facebook/jest"
"jest-worker@23.2.0","MIT","https://github.com/facebook/jest"
"jest@23.6.0","MIT","https://github.com/facebook/jest"
"js-tokens@3.0.2","MIT","https://github.com/lydell/js-tokens"
"js-tokens@4.0.0","MIT","https://github.com/lydell/js-tokens"
"js-yaml@3.13.1","MIT","https://github.com/nodeca/js-yaml"
"jsbn@0.1.1","MIT","https://github.com/andyperlitch/jsbn"
"jsdom@11.12.0","MIT","https://github.com/jsdom/jsdom"
"jsesc@0.5.0","MIT","https://github.com/mathiasbynens/jsesc"
"jsesc@1.3.0","MIT","https://github.com/mathiasbynens/jsesc"
"jsesc@2.5.2","MIT","https://github.com/mathiasbynens/jsesc"
"json-schema-traverse@0.4.1","MIT","https://github.com/epoberezkin/json-schema-traverse"
"json-schema@0.2.3","AFLv2.1,BSD","https://github.com/kriszyp/json-schema"
"json-stable-stringify-without-jsonify@1.0.1","MIT","https://github.com/samn/json-stable-stringify"
"json-stringify-safe@5.0.1","ISC","https://github.com/isaacs/json-stringify-safe"
"json5@0.5.1","MIT","https://github.com/aseemk/json5"
"json5@1.0.1","MIT","https://github.com/json5/json5"
"json5@2.1.0","MIT","https://github.com/json5/json5"
"jsprim@1.4.1","MIT","https://github.com/joyent/node-jsprim"
"jszip@3.2.1","(MIT OR GPL-3.0)","https://github.com/Stuk/jszip"
"karma-chrome-launcher@2.2.0","MIT","https://github.com/karma-runner/karma-chrome-launcher"
"karma-coverage-istanbul-reporter@2.0.5","MIT","https://github.com/mattlewis92/karma-coverage-istanbul-reporter"
"karma-jasmine-html-reporter@0.2.2","MIT","https://github.com/taras42/karma-jasmine-html-reporter"
"karma-jasmine@1.1.2","MIT","https://github.com/karma-runner/karma-jasmine"
"karma@3.1.4","MIT","https://github.com/karma-runner/karma"
"kind-of@1.1.0","MIT","https://github.com/jonschlinkert/kind-of"
"kind-of@3.2.2","MIT","https://github.com/jonschlinkert/kind-of"
"kind-of@4.0.0","MIT","https://github.com/jonschlinkert/kind-of"
"kind-of@5.1.0","MIT","https://github.com/jonschlinkert/kind-of"
"kind-of@6.0.2","MIT","https://github.com/jonschlinkert/kind-of"
"kleur@2.0.2","MIT","https://github.com/lukeed/kleur"
"kleur@3.0.3","MIT","https://github.com/lukeed/kleur"
"latest-version@3.1.0","MIT","https://github.com/sindresorhus/latest-version"
"lcid@1.0.0","MIT","https://github.com/sindresorhus/lcid"
"left-pad@1.3.0","WTFPL","https://github.com/stevemao/left-pad"
"leven@2.1.0","MIT","https://github.com/sindresorhus/leven"
"levn@0.3.0","MIT","https://github.com/gkz/levn"
"lie@3.3.0","MIT","https://github.com/calvinmetcalf/lie"
"liftoff@2.5.0","MIT","https://github.com/js-cli/js-liftoff"
"linkify-it@2.1.0","MIT","https://github.com/markdown-it/linkify-it"
"linux-platform-info@0.0.3","MIT","https://github.com/AndreyBelym/linux-platform-info"
"load-json-file@1.1.0","MIT","https://github.com/sindresorhus/load-json-file"
"loader-utils@1.2.3","MIT","https://github.com/webpack/loader-utils"
"locate-path@2.0.0","MIT","https://github.com/sindresorhus/locate-path"
"lodash._basecopy@3.0.1","MIT","https://github.com/lodash/lodash"
"lodash._basetostring@3.0.1","MIT","https://github.com/lodash/lodash"
"lodash._basevalues@3.0.0","MIT","https://github.com/lodash/lodash"
"lodash._getnative@3.9.1","MIT","https://github.com/lodash/lodash"
"lodash._isiterateecall@3.0.9","MIT","https://github.com/lodash/lodash"
"lodash._reescape@3.0.0","MIT","https://github.com/lodash/lodash"
"lodash._reevaluate@3.0.0","MIT","https://github.com/lodash/lodash"
"lodash._reinterpolate@3.0.0","MIT","https://github.com/lodash/lodash"
"lodash._root@3.0.1","MIT","https://github.com/lodash/lodash"
"lodash.escape@3.2.0","MIT","https://github.com/lodash/lodash"
"lodash.isarguments@3.1.0","MIT","https://github.com/lodash/lodash"
"lodash.isarray@3.0.4","MIT","https://github.com/lodash/lodash"
"lodash.keys@3.1.2","MIT","https://github.com/lodash/lodash"
"lodash.restparam@3.6.1","MIT","https://github.com/lodash/lodash"
"lodash.sortby@4.7.0","MIT","https://github.com/lodash/lodash"
"lodash.template@3.6.2","MIT","https://github.com/lodash/lodash"
"lodash.templatesettings@3.1.1","MIT","https://github.com/lodash/lodash"
"lodash@1.0.2","MIT","https://github.com/lodash/lodash"
"lodash@4.17.10","MIT","https://github.com/lodash/lodash"
"lodash@4.17.11","MIT","https://github.com/lodash/lodash"
"log-update-async-hook@2.0.2","MIT","https://github.com/AndreyBelym/log-update-async-hook"
"log4js@3.0.6","Apache-2.0","https://github.com/log4js-node/log4js-node"
"loose-envify@1.4.0","MIT","https://github.com/zertosh/loose-envify"
"lowercase-keys@1.0.1","MIT","https://github.com/sindresorhus/lowercase-keys"
"lru-cache@2.6.3","MIT","https://github.com/isaacs/node-lru-cache"
"lru-cache@2.7.3","ISC","https://github.com/isaacs/node-lru-cache"
"lru-cache@4.1.5","ISC","https://github.com/isaacs/node-lru-cache"
"lru-queue@0.1.0","MIT","https://github.com/medikoo/lru-queue"
"magic-string@0.25.2","MIT","https://github.com/rich-harris/magic-string"
"make-dir@1.3.0","MIT","https://github.com/sindresorhus/make-dir"
"make-dir@2.1.0","MIT","https://github.com/sindresorhus/make-dir"
"make-error@1.3.5","ISC","https://github.com/JsCommunity/make-error"
"make-iterator@1.0.1","MIT","https://github.com/jonschlinkert/make-iterator"
"makeerror@1.0.11","BSD-3-Clause","https://github.com/daaku/nodejs-makeerror"
"map-cache@0.2.2","MIT","https://github.com/jonschlinkert/map-cache"
"map-reverse@1.0.1","MIT","https://github.com/AndreyBelym/map-reverse"
"map-visit@1.0.0","MIT","https://github.com/jonschlinkert/map-visit"
"markdown-it@8.4.2","MIT","https://github.com/markdown-it/markdown-it"
"match-url-wildcard@0.0.2","MIT","https://github.com/AlexKamaev/match-url-wildcard"
"math-random@1.0.4","MIT","https://github.com/michaelrhodes/math-random"
"mdurl@1.0.1","MIT","https://github.com/markdown-it/mdurl"
"media-typer@0.3.0","MIT","https://github.com/jshttp/media-typer"
"mem@1.1.0","MIT","https://github.com/sindresorhus/mem"
"memoizee@0.4.14","ISC","https://github.com/medikoo/memoizee"
"memory-fs@0.4.1","MIT","https://github.com/webpack/memory-fs"
"merge-descriptors@1.0.1","MIT","https://github.com/component/merge-descriptors"
"merge-stream@1.0.1","MIT","https://github.com/grncdr/merge-stream"
"merge@1.2.1","MIT","https://github.com/yeikos/js.merge"
"methods@1.1.2","MIT","https://github.com/jshttp/methods"
"micromatch@2.3.11","MIT","https://github.com/jonschlinkert/micromatch"
"micromatch@3.1.10","MIT","https://github.com/micromatch/micromatch"
"mime-db@1.40.0","MIT","https://github.com/jshttp/mime-db"
"mime-types@2.1.24","MIT","https://github.com/jshttp/mime-types"
"mime@1.4.1","MIT","https://github.com/broofa/node-mime"
"mime@2.4.3","MIT","https://github.com/broofa/node-mime"
"mimic-fn@1.2.0","MIT","https://github.com/sindresorhus/mimic-fn"
"minimatch@0.2.14","MIT","https://github.com/isaacs/minimatch"
"minimatch@2.0.10","ISC","https://github.com/isaacs/minimatch"
"minimatch@3.0.4","ISC","https://github.com/isaacs/minimatch"
"minimist@0.0.8","MIT","https://github.com/substack/minimist"
"minimist@1.2.0","MIT","https://github.com/substack/minimist"
"mixin-deep@1.3.1","MIT","https://github.com/jonschlinkert/mixin-deep"
"mkdirp@0.5.1","MIT","https://github.com/substack/node-mkdirp"
"mocha@5.2.0","MIT","https://github.com/mochajs/mocha"
"moment-duration-format-commonjs@1.0.0","MIT","https://github.com/AndreyBelym/moment-duration-format-commonjs"
"moment-duration-format@2.3.2","MIT","https://github.com/jsmreese/moment-duration-format"
"moment@2.24.0","MIT","https://github.com/moment/moment"
"ms@2.0.0","MIT","https://github.com/zeit/ms"
"ms@2.1.2","MIT","https://github.com/zeit/ms"
"multer@1.3.0","MIT","https://github.com/expressjs/multer"
"multipipe@0.1.2","MIT","https://github.com/juliangruber/multipipe"
"mustache@2.3.2","MIT","https://github.com/janl/mustache.js"
"mute-stream@0.0.7","ISC","https://github.com/isaacs/mute-stream"
"nanoid@0.2.2","MIT","https://github.com/ai/nanoid"
"nanoid@1.3.4","MIT","https://github.com/ai/nanoid"
"nanomatch@1.2.13","MIT","https://github.com/micromatch/nanomatch"
"natives@1.1.6","ISC","https://github.com/addaleax/natives"
"natural-compare@1.4.0","MIT","https://github.com/litejs/natural-compare-lite"
"negotiator@0.6.2","MIT","https://github.com/jshttp/negotiator"
"neo-async@2.6.1","MIT","https://github.com/suguru03/neo-async"
"next-tick@1.0.0","MIT","https://github.com/medikoo/next-tick"
"nice-try@1.0.5","MIT","https://github.com/electerious/nice-try"
"node-fetch@2.6.0","MIT","https://github.com/bitinn/node-fetch"
"node-int64@0.4.0","MIT","https://github.com/broofa/node-int64"
"node-notifier@5.4.0","MIT","https://github.com/mikaelbr/node-notifier"
"node-version@1.2.0","MIT","https://github.com/srod/node-version"
"nodemon@1.19.1","MIT","https://github.com/remy/nodemon"
"nopt@1.0.10","MIT","https://github.com/isaacs/nopt"
"normalize-newline@3.0.0","MIT","https://github.com/sindresorhus/normalize-newline"
"normalize-package-data@2.5.0","BSD-2-Clause","https://github.com/npm/normalize-package-data"
"normalize-path@2.1.1","MIT","https://github.com/jonschlinkert/normalize-path"
"normalize-path@3.0.0","MIT","https://github.com/jonschlinkert/normalize-path"
"npm-run-path@2.0.2","MIT","https://github.com/sindresorhus/npm-run-path"
"nth-check@1.0.2","BSD-2-Clause","https://github.com/fb55/nth-check"
"null-check@1.0.0","MIT","https://github.com/sindresorhus/null-check"
"number-is-nan@1.0.1","MIT","https://github.com/sindresorhus/number-is-nan"
"nwsapi@2.1.4","MIT","https://github.com/dperini/nwsapi"
"oauth-sign@0.9.0","Apache-2.0","https://github.com/mikeal/oauth-sign"
"object-assign@3.0.0","MIT","https://github.com/sindresorhus/object-assign"
"object-assign@4.1.1","MIT","https://github.com/sindresorhus/object-assign"
"object-component@0.0.3","MIT*",""
"object-copy@0.1.0","MIT","https://github.com/jonschlinkert/object-copy"
"object-hash@1.3.0","MIT","https://github.com/puleos/object-hash"
"object-keys@1.1.1","MIT","https://github.com/ljharb/object-keys"
"object-visit@1.0.1","MIT","https://github.com/jonschlinkert/object-visit"
"object.defaults@1.1.0","MIT","https://github.com/jonschlinkert/object.defaults"
"object.getownpropertydescriptors@2.0.3","MIT","https://github.com/ljharb/object.getownpropertydescriptors"
"object.map@1.0.1","MIT","https://github.com/jonschlinkert/object.map"
"object.omit@2.0.1","MIT","https://github.com/jonschlinkert/object.omit"
"object.pick@1.3.0","MIT","https://github.com/jonschlinkert/object.pick"
"on-finished@2.3.0","MIT","https://github.com/jshttp/on-finished"
"once@1.3.3","ISC","https://github.com/isaacs/once"
"once@1.4.0","ISC","https://github.com/isaacs/once"
"onetime@2.0.1","MIT","https://github.com/sindresorhus/onetime"
"optimist@0.6.1","MIT*","https://github.com/substack/node-optimist"
"optional@0.1.4","MIT","https://github.com/tony-o/node-optional"
"optionator@0.8.2","MIT","https://github.com/gkz/optionator"
"orchestrator@0.3.8","MIT","https://github.com/robrich/orchestrator"
"ordered-read-streams@0.1.0","MIT","https://github.com/armed/ordered-read-streams"
"os-family@1.1.0","MIT","https://github.com/inikulin/os-family"
"os-homedir@1.0.2","MIT","https://github.com/sindresorhus/os-homedir"
"os-locale@2.1.0","MIT","https://github.com/sindresorhus/os-locale"
"os-tmpdir@1.0.2","MIT","https://github.com/sindresorhus/os-tmpdir"
"os@0.1.1","MIT","https://github.com/DiegoRBaquero/node-os"
"osenv@0.1.5","ISC","https://github.com/npm/osenv"
"p-finally@1.0.0","MIT","https://github.com/sindresorhus/p-finally"
"p-limit@1.3.0","MIT","https://github.com/sindresorhus/p-limit"
"p-locate@2.0.0","MIT","https://github.com/sindresorhus/p-locate"
"p-map@1.2.0","MIT","https://github.com/sindresorhus/p-map"
"p-try@1.0.0","MIT","https://github.com/sindresorhus/p-try"
"package-json@4.0.1","MIT","https://github.com/sindresorhus/package-json"
"pako@1.0.10","(MIT AND Zlib)","https://github.com/nodeca/pako"
"parent-module@1.0.1","MIT","https://github.com/sindresorhus/parent-module"
"parse-filepath@1.0.2","MIT","https://github.com/jonschlinkert/parse-filepath"
"parse-glob@3.0.4","MIT","https://github.com/jonschlinkert/parse-glob"
"parse-json@2.2.0","MIT","https://github.com/sindresorhus/parse-json"
"parse-node-version@1.0.1","MIT","https://github.com/gulpjs/parse-node-version"
"parse-passwd@1.0.0","MIT","https://github.com/doowb/parse-passwd"
"parse-semver@1.1.1","MIT","https://github.com/tunnckoCore/parse-semver"
"parse5@1.5.1","MIT","https://github.com/inikulin/parse5"
"parse5@2.2.3","MIT","https://github.com/inikulin/parse5"
"parse5@3.0.3","MIT","https://github.com/inikulin/parse5"
"parse5@4.0.0","MIT","https://github.com/inikulin/parse5"
"parse5@5.1.0","MIT","https://github.com/inikulin/parse5"
"parseqs@0.0.5","MIT","https://github.com/get/querystring"
"parseuri@0.0.5","MIT","https://github.com/get/parseuri"
"parseurl@1.3.3","MIT","https://github.com/pillarjs/parseurl"
"pascalcase@0.1.1","MIT","https://github.com/jonschlinkert/pascalcase"
"path-dirname@1.0.2","MIT","https://github.com/es128/path-dirname"
"path-exists@2.1.0","MIT","https://github.com/sindresorhus/path-exists"
"path-exists@3.0.0","MIT","https://github.com/sindresorhus/path-exists"
"path-is-absolute@1.0.1","MIT","https://github.com/sindresorhus/path-is-absolute"
"path-is-inside@1.0.2","(WTFPL OR MIT)","https://github.com/domenic/path-is-inside"
"path-key@2.0.1","MIT","https://github.com/sindresorhus/path-key"
"path-parse@1.0.6","MIT","https://github.com/jbgutierrez/path-parse"
"path-root-regex@0.1.2","MIT","https://github.com/regexhq/path-root-regex"
"path-root@0.1.1","MIT","https://github.com/jonschlinkert/path-root"
"path-to-regexp@0.1.7","MIT","https://github.com/component/path-to-regexp"
"path-to-regexp@2.2.1","MIT","https://github.com/pillarjs/path-to-regexp"
"path-type@1.1.0","MIT","https://github.com/sindresorhus/path-type"
"pathval@1.1.0","MIT","https://github.com/chaijs/pathval"
"pend@1.2.0","MIT","https://github.com/andrewrk/node-pend"
"performance-now@2.1.0","MIT","https://github.com/braveg1rl/performance-now"
"pify@2.3.0","MIT","https://github.com/sindresorhus/pify"
"pify@3.0.0","MIT","https://github.com/sindresorhus/pify"
"pify@4.0.1","MIT","https://github.com/sindresorhus/pify"
"pinkie-promise@1.0.0","MIT","https://github.com/floatdrop/pinkie-promise"
"pinkie-promise@2.0.1","MIT","https://github.com/floatdrop/pinkie-promise"
"pinkie@1.0.0","MIT","https://github.com/floatdrop/pinkie"
"pinkie@2.0.4","MIT","https://github.com/floatdrop/pinkie"
"pkg-dir@2.0.0","MIT","https://github.com/sindresorhus/pkg-dir"
"plugin-error@0.1.2","MIT","https://github.com/jonschlinkert/plugin-error"
"plugin-error@1.0.1","MIT","https://github.com/gulpjs/plugin-error"
"pn@1.1.0","MIT","https://github.com/cscott/node-pn"
"pngjs@3.4.0","MIT","https://github.com/lukeapage/pngjs2"
"posix-character-classes@0.1.1","MIT","https://github.com/jonschlinkert/posix-character-classes"
"prelude-ls@1.1.2","MIT","https://github.com/gkz/prelude-ls"
"prepend-http@1.0.4","MIT","https://github.com/sindresorhus/prepend-http"
"preserve@0.2.0","MIT","https://github.com/jonschlinkert/preserve"
"prettier@1.18.1","MIT","https://github.com/prettier/prettier"
"pretty-format@23.6.0","MIT","https://github.com/facebook/jest"
"pretty-hrtime@1.0.3","MIT","https://github.com/robrich/pretty-hrtime"
"private@0.1.8","MIT","https://github.com/benjamn/private"
"process-nextick-args@2.0.0","MIT","https://github.com/calvinmetcalf/process-nextick-args"
"progress@2.0.3","MIT","https://github.com/visionmedia/node-progress"
"promisify-event@1.0.0","MIT","https://github.com/inikulin/promisify-event"
"prompts@0.1.14","MIT*","https://github.com/terkelg/prompts"
"prompts@2.1.0","MIT","https://github.com/terkelg/prompts"
"protractor@5.4.2","MIT","https://github.com/angular/protractor"
"proxy-addr@2.0.5","MIT","https://github.com/jshttp/proxy-addr"
"prr@1.0.1","MIT","https://github.com/rvagg/prr"
"ps-node@0.1.6","MIT","https://github.com/neekey/ps"
"pseudomap@1.0.2","ISC","https://github.com/isaacs/pseudomap"
"psl@1.1.32","MIT","https://github.com/wrangr/psl"
"pstree.remy@1.1.7","MIT",""
"punycode@1.4.1","MIT","https://github.com/bestiejs/punycode.js"
"punycode@2.1.1","MIT","https://github.com/bestiejs/punycode.js"
"q@1.4.1","MIT","https://github.com/kriskowal/q"
"qjobs@1.2.0","MIT","https://github.com/franck34/qjobs"
"qrcode-terminal@0.10.0","Apache 2.0","https://github.com/gtanner/qrcode-terminal"
"qs@6.5.1","BSD-3-Clause","https://github.com/ljharb/qs"
"qs@6.5.2","BSD-3-Clause","https://github.com/ljharb/qs"
"r-json@1.2.9","MIT","https://github.com/IonicaBizau/node-r-json"
"randomatic@3.1.1","MIT","https://github.com/jonschlinkert/randomatic"
"range-parser@1.2.1","MIT","https://github.com/jshttp/range-parser"
"raw-body@2.3.2","MIT","https://github.com/stream-utils/raw-body"
"raw-body@2.3.3","MIT","https://github.com/stream-utils/raw-body"
"rc@1.2.8","(BSD-2-Clause OR MIT OR Apache-2.0)","https://github.com/dominictarr/rc"
"read-file-relative@1.2.0","MIT","https://github.com/inikulin/read-file-relative"
"read-pkg-up@1.0.1","MIT","https://github.com/sindresorhus/read-pkg-up"
"read-pkg@1.1.0","MIT","https://github.com/sindresorhus/read-pkg"
"read@1.0.7","ISC","https://github.com/isaacs/read"
"readable-stream@1.0.34","MIT","https://github.com/isaacs/readable-stream"
"readable-stream@1.1.14","MIT","https://github.com/isaacs/readable-stream"
"readable-stream@2.3.6","MIT","https://github.com/nodejs/readable-stream"
"readable-stream@3.4.0","MIT","https://github.com/nodejs/readable-stream"
"readdirp@2.2.1","MIT","https://github.com/paulmillr/readdirp"
"realpath-native@1.1.0","MIT","https://github.com/SimenB/realpath-native"
"rechoir@0.6.2","MIT","https://github.com/tkellen/node-rechoir"
"reflect-metadata@0.1.13","Apache-2.0","https://github.com/rbuckton/reflect-metadata"
"regenerate@1.4.0","MIT","https://github.com/mathiasbynens/regenerate"
"regenerator-runtime@0.11.1","MIT","https://github.com/facebook/regenerator/tree/master/packages/regenerator-runtime"
"regenerator-transform@0.10.1","BSD*","https://github.com/facebook/regenerator/tree/master/packages/regenerator-transform"
"regex-cache@0.4.4","MIT","https://github.com/jonschlinkert/regex-cache"
"regex-not@1.0.2","MIT","https://github.com/jonschlinkert/regex-not"
"regexpp@2.0.1","MIT","https://github.com/mysticatea/regexpp"
"regexpu-core@1.0.0","MIT","https://github.com/mathiasbynens/regexpu-core"
"regexpu-core@2.0.0","MIT","https://github.com/mathiasbynens/regexpu-core"
"registry-auth-token@3.4.0","MIT","https://github.com/rexxars/registry-auth-token"
"registry-url@3.1.0","MIT","https://github.com/sindresorhus/registry-url"
"regjsgen@0.2.0","MIT","https://github.com/d10/regjsgen"
"regjsparser@0.1.5","BSD*","https://github.com/jviereck/regjsparser"
"remove-trailing-separator@1.1.0","ISC","https://github.com/darsain/remove-trailing-separator"
"repeat-element@1.1.3","MIT","https://github.com/jonschlinkert/repeat-element"
"repeat-string@0.2.2","MIT","https://github.com/jonschlinkert/repeat-string"
"repeat-string@1.6.1","MIT","https://github.com/jonschlinkert/repeat-string"
"repeating@1.1.3","MIT","https://github.com/sindresorhus/repeating"
"repeating@2.0.1","MIT","https://github.com/sindresorhus/repeating"
"replace-ext@0.0.1","MIT","https://github.com/wearefractal/replace-ext"
"replace-ext@1.0.0","MIT","https://github.com/gulpjs/replace-ext"
"replicator@1.0.3","MIT","https://github.com/inikulin/replicator"
"request-promise-core@1.1.2","ISC","https://github.com/request/promise-core"
"request-promise-native@1.0.7","ISC","https://github.com/request/request-promise-native"
"request-promise@4.2.4","ISC","https://github.com/request/request-promise"
"request@2.88.0","Apache-2.0","https://github.com/request/request"
"require-directory@2.1.1","MIT","https://github.com/troygoode/node-require-directory"
"require-main-filename@1.0.1","ISC","https://github.com/yargs/require-main-filename"
"requires-port@1.0.0","MIT","https://github.com/unshiftio/requires-port"
"resolve-cwd@1.0.0","MIT","https://github.com/sindresorhus/resolve-cwd"
"resolve-cwd@2.0.0","MIT","https://github.com/sindresorhus/resolve-cwd"
"resolve-dir@1.0.1","MIT","https://github.com/jonschlinkert/resolve-dir"
"resolve-from@2.0.0","MIT","https://github.com/sindresorhus/resolve-from"
"resolve-from@3.0.0","MIT","https://github.com/sindresorhus/resolve-from"
"resolve-from@4.0.0","MIT","https://github.com/sindresorhus/resolve-from"
"resolve-url@0.2.1","MIT","https://github.com/lydell/resolve-url"
"resolve@1.1.7","MIT","https://github.com/substack/node-resolve"
"resolve@1.11.1","MIT","https://github.com/browserify/resolve"
"restore-cursor@2.0.0","MIT","https://github.com/sindresorhus/restore-cursor"
"ret@0.1.15","MIT","https://github.com/fent/ret.js"
"rfdc@1.1.4","MIT","https://github.com/davidmarkclements/rfdc"
"rimraf@2.6.3","ISC","https://github.com/isaacs/rimraf"
"rsvp@3.6.2","MIT","https://github.com/tildeio/rsvp.js"
"run-async@2.3.0","MIT","https://github.com/SBoudrias/run-async"
"rxjs@6.4.0","Apache-2.0","https://github.com/reactivex/rxjs"
"rxjs@6.5.2","Apache-2.0","https://github.com/reactivex/rxjs"
"safe-buffer@5.1.1","MIT","https://github.com/feross/safe-buffer"
"safe-buffer@5.1.2","MIT","https://github.com/feross/safe-buffer"
"safe-regex@1.1.0","MIT","https://github.com/substack/safe-regex"
"safer-buffer@2.1.2","MIT","https://github.com/ChALkeR/safer-buffer"
"sane@2.5.2","MIT","https://github.com/amasad/sane"
"sanitize-filename@1.6.1","WTFPL OR ISC","https://github.com/parshap/node-sanitize-filename"
"saucelabs@1.5.0","MIT*","https://github.com/holidayextras/node-saucelabs"
"sax@1.2.4","ISC","https://github.com/isaacs/sax-js"
"selenium-webdriver@3.6.0","Apache-2.0","https://github.com/SeleniumHQ/selenium"
"semver-diff@2.1.0","MIT","https://github.com/sindresorhus/semver-diff"
"semver-dsl@1.0.1","MIT","https://github.com/mgechev/semver-dsl"
"semver@4.3.6","ISC","https://github.com/npm/node-semver"
"semver@5.5.0","ISC","https://github.com/npm/node-semver"
"semver@5.7.0","ISC","https://github.com/npm/node-semver"
"semver@6.1.1","ISC","https://github.com/npm/node-semver"
"send@0.16.2","MIT","https://github.com/pillarjs/send"
"sequencify@0.0.7","MIT","https://github.com/robrich/sequencify"
"serve-static@1.13.2","MIT","https://github.com/expressjs/serve-static"
"set-blocking@2.0.0","ISC","https://github.com/yargs/set-blocking"
"set-immediate-shim@1.0.1","MIT","https://github.com/sindresorhus/set-immediate-shim"
"set-value@0.4.3","MIT","https://github.com/jonschlinkert/set-value"
"set-value@2.0.0","MIT","https://github.com/jonschlinkert/set-value"
"setprototypeof@1.0.3","ISC","https://github.com/wesleytodd/setprototypeof"
"setprototypeof@1.1.0","ISC","https://github.com/wesleytodd/setprototypeof"
"shebang-command@1.2.0","MIT","https://github.com/kevva/shebang-command"
"shebang-regex@1.0.0","MIT","https://github.com/sindresorhus/shebang-regex"
"shellwords@0.1.1","MIT","https://github.com/jimmycuadra/shellwords"
"sigmund@1.0.1","ISC","https://github.com/isaacs/sigmund"
"signal-exit@3.0.2","ISC","https://github.com/tapjs/signal-exit"
"sisteransi@0.1.1","MIT","https://github.com/terkelg/sisteransi"
"sisteransi@1.0.0","MIT","https://github.com/terkelg/sisteransi"
"slash@1.0.0","MIT","https://github.com/sindresorhus/slash"
"slice-ansi@2.1.0","MIT","https://github.com/chalk/slice-ansi"
"snapdragon-node@2.1.1","MIT","https://github.com/jonschlinkert/snapdragon-node"
"snapdragon-util@3.0.1","MIT","https://github.com/jonschlinkert/snapdragon-util"
"snapdragon@0.8.2","MIT","https://github.com/jonschlinkert/snapdragon"
"socket.io-adapter@1.1.1","MIT","https://github.com/socketio/socket.io-adapter"
"socket.io-client@2.1.1","MIT","https://github.com/Automattic/socket.io-client"
"socket.io-parser@3.2.0","MIT","https://github.com/Automattic/socket.io-parser"
"socket.io@2.1.1","MIT","https://github.com/socketio/socket.io"
"source-map-resolve@0.5.2","MIT","https://github.com/lydell/source-map-resolve"
"source-map-support@0.4.18","MIT","https://github.com/evanw/node-source-map-support"
"source-map-support@0.5.12","MIT","https://github.com/evanw/node-source-map-support"
"source-map-url@0.4.0","MIT","https://github.com/lydell/source-map-url"
"source-map@0.1.43","BSD","https://github.com/mozilla/source-map"
"source-map@0.5.7","BSD-3-Clause","https://github.com/mozilla/source-map"
"source-map@0.6.1","BSD-3-Clause","https://github.com/mozilla/source-map"
"source-map@0.7.3","BSD-3-Clause","https://github.com/mozilla/source-map"
"sourcemap-codec@1.4.4","MIT","https://github.com/Rich-Harris/sourcemap-codec"
"sparkles@1.0.1","MIT","https://github.com/gulpjs/sparkles"
"spawn-args@0.2.0","MIT","https://github.com/binocarlos/spawn-args"
"spdx-correct@3.1.0","Apache-2.0","https://github.com/jslicense/spdx-correct.js"
"spdx-exceptions@2.2.0","CC-BY-3.0","https://github.com/kemitchell/spdx-exceptions.json"
"spdx-expression-parse@3.0.0","MIT","https://github.com/jslicense/spdx-expression-parse.js"
"spdx-license-ids@3.0.4","CC0-1.0","https://github.com/shinnn/spdx-license-ids"
"split-string@3.1.0","MIT","https://github.com/jonschlinkert/split-string"
"sprintf-js@1.0.3","BSD-3-Clause","https://github.com/alexei/sprintf.js"
"sprintf-js@1.1.2","BSD-3-Clause","https://github.com/alexei/sprintf.js"
"sshpk@1.16.1","MIT","https://github.com/joyent/node-sshpk"
"stack-utils@1.0.2","MIT","https://github.com/tapjs/stack-utils"
"stackframe@0.3.1","Public Domain","https://github.com/stacktracejs/stackframe"
"static-extend@0.1.2","MIT","https://github.com/jonschlinkert/static-extend"
"statuses@1.4.0","MIT","https://github.com/jshttp/statuses"
"statuses@1.5.0","MIT","https://github.com/jshttp/statuses"
"std-env@1.3.1","MIT","https://github.com/pi0/std-env"
"stealthy-require@1.1.1","ISC","https://github.com/analog-nico/stealthy-require"
"stream-consume@0.1.1","MIT","https://github.com/aroneous/stream-consume"
"streamroller@0.7.0","MIT","https://github.com/nomiddlename/streamroller"
"streamsearch@0.1.2","MIT","https://github.com/mscdex/streamsearch"
"string-length@2.0.0","MIT","https://github.com/sindresorhus/string-length"
"string-width@1.0.2","MIT","https://github.com/sindresorhus/string-width"
"string-width@2.1.1","MIT","https://github.com/sindresorhus/string-width"
"string-width@3.1.0","MIT","https://github.com/sindresorhus/string-width"
"string_decoder@0.10.31","MIT","https://github.com/rvagg/string_decoder"
"string_decoder@1.1.1","MIT","https://github.com/nodejs/string_decoder"
"string_decoder@1.2.0","MIT","https://github.com/nodejs/string_decoder"
"strip-ansi@3.0.1","MIT","https://github.com/chalk/strip-ansi"
"strip-ansi@4.0.0","MIT","https://github.com/chalk/strip-ansi"
"strip-ansi@5.2.0","MIT","https://github.com/chalk/strip-ansi"
"strip-bom@1.0.0","MIT","https://github.com/sindresorhus/strip-bom"
"strip-bom@2.0.0","MIT","https://github.com/sindresorhus/strip-bom"
"strip-bom@3.0.0","MIT","https://github.com/sindresorhus/strip-bom"
"strip-eof@1.0.0","MIT","https://github.com/sindresorhus/strip-eof"
"strip-json-comments@2.0.1","MIT","https://github.com/sindresorhus/strip-json-comments"
"superagent@3.8.3","MIT","https://github.com/visionmedia/superagent"
"supertest@3.4.2","MIT","https://github.com/visionmedia/supertest"
"supports-color@2.0.0","MIT","https://github.com/chalk/supports-color"
"supports-color@3.2.3","MIT","https://github.com/chalk/supports-color"
"supports-color@5.4.0","MIT","https://github.com/chalk/supports-color"
"supports-color@5.5.0","MIT","https://github.com/chalk/supports-color"
"supports-color@6.1.0","MIT","https://github.com/chalk/supports-color"
"symbol-tree@3.2.2","MIT","https://github.com/jsdom/js-symbol-tree"
"table-parser@0.1.3","MIT","https://github.com/Neekey/table-parser"
"table@5.4.0","BSD-3-Clause","https://github.com/gajus/table"
"tapable@1.1.3","MIT","https://github.com/webpack/tapable"
"term-size@1.2.0","MIT","https://github.com/sindresorhus/term-size"
"test-exclude@4.2.3","ISC","https://github.com/istanbuljs/istanbuljs"
"testcafe-browser-tools@1.6.4","MIT","https://github.com/DevExpress/testcafe-browser-tools"
"testcafe-browser-tools@1.6.8","MIT","https://github.com/DevExpress/testcafe-browser-tools"
"testcafe-hammerhead@14.2.2","MIT","https://github.com/DevExpress/testcafe-hammerhead"
"testcafe-hammerhead@14.6.6","MIT","https://github.com/DevExpress/testcafe-hammerhead"
"testcafe-legacy-api@3.1.11","MIT","https://github.com/DevExpress/testcafe-legacy-api"
"testcafe-legacy-api@3.1.7","MIT","https://github.com/DevExpress/testcafe-legacy-api"
"testcafe-reporter-html@1.4.4","MIT","https://github.com/picuscreative/testcafe-reporter-html"
"testcafe-reporter-json@2.1.0","MIT","https://github.com/DevExpress/testcafe-reporter-json"
"testcafe-reporter-list@2.1.0","MIT","https://github.com/DevExpress/testcafe-reporter-list"
"testcafe-reporter-minimal@2.1.0","MIT","https://github.com/DevExpress/testcafe-reporter-minimal"
"testcafe-reporter-spec@2.1.1","MIT","https://github.com/DevExpress/testcafe-reporter-spec"
"testcafe-reporter-xunit@2.1.0","MIT","https://github.com/DevExpress/testcafe-reporter-xunit"
"testcafe@0.20.5","MIT","https://github.com/DevExpress/testcafe"
"testcafe@1.2.0","MIT","https://github.com/DevExpress/testcafe"
"text-table@0.2.0","MIT","https://github.com/substack/text-table"
"throat@4.1.0","MIT","https://github.com/ForbesLindesay/throat"
"through2@0.6.5","MIT","https://github.com/rvagg/through2"
"through2@2.0.5","MIT","https://github.com/rvagg/through2"
"through@2.3.8","MIT","https://github.com/dominictarr/through"
"tildify@1.2.0","MIT","https://github.com/sindresorhus/tildify"
"time-limit-promise@1.0.4","MIT","https://github.com/inikulin/time-limit-promise"
"time-stamp@1.1.0","MIT","https://github.com/jonschlinkert/time-stamp"
"timed-out@4.0.1","MIT","https://github.com/floatdrop/timed-out"
"timeout-as-promise@1.0.0","MIT","https://github.com/jimf/timeout-as-promise"
"timers-ext@0.1.7","ISC","https://github.com/medikoo/timers-ext"
"tmp@0.0.28","MIT","https://github.com/raszi/node-tmp"
"tmp@0.0.29","MIT","https://github.com/raszi/node-tmp"
"tmp@0.0.30","MIT","https://github.com/raszi/node-tmp"
"tmp@0.0.33","MIT","https://github.com/raszi/node-tmp"
"tmpl@1.0.4","BSD-3-Clause","https://github.com/daaku/nodejs-tmpl"
"to-array@0.1.4","MIT","https://github.com/Raynos/to-array"
"to-fast-properties@1.0.3","MIT","https://github.com/sindresorhus/to-fast-properties"
"to-fast-properties@2.0.0","MIT","https://github.com/sindresorhus/to-fast-properties"
"to-object-path@0.3.0","MIT","https://github.com/jonschlinkert/to-object-path"
"to-regex-range@2.1.1","MIT","https://github.com/micromatch/to-regex-range"
"to-regex@3.0.2","MIT","https://github.com/jonschlinkert/to-regex"
"touch@3.1.0","ISC","https://github.com/isaacs/node-touch"
"tough-cookie@2.3.3","BSD-3-Clause","https://github.com/salesforce/tough-cookie"
"tough-cookie@2.4.3","BSD-3-Clause","https://github.com/salesforce/tough-cookie"
"tough-cookie@2.5.0","BSD-3-Clause","https://github.com/salesforce/tough-cookie"
"tr46@1.0.1","MIT","https://github.com/Sebmaster/tr46.js"
"tree-kill@1.2.1","MIT","https://github.com/pkrumins/node-tree-kill"
"trim-right@1.0.1","MIT","https://github.com/sindresorhus/trim-right"
"truncate-utf8-bytes@1.0.2","WTFPL","https://github.com/parshap/truncate-utf8-bytes"
"ts-jest@23.10.5","MIT","https://github.com/kulshekhar/ts-jest"
"ts-loader@4.5.0","MIT","https://github.com/TypeStrong/ts-loader"
"ts-node@7.0.1","MIT","https://github.com/TypeStrong/ts-node"
"tsconfig-paths@3.8.0","MIT","https://github.com/dividab/tsconfig-paths"
"tslib@1.9.3","Apache-2.0","https://github.com/Microsoft/tslib"
"tslint@5.11.0","Apache-2.0","https://github.com/palantir/tslint"
"tsutils@2.29.0","MIT","https://github.com/ajafff/tsutils"
"tunnel-agent@0.6.0","Apache-2.0","https://github.com/mikeal/tunnel-agent"
"tunnel@0.0.4","MIT","https://github.com/koichik/node-tunnel"
"tweetnacl@0.14.5","Unlicense","https://github.com/dchest/tweetnacl-js"
"type-check@0.3.2","MIT","https://github.com/gkz/type-check"
"type-detect@0.1.1","MIT","https://github.com/chaijs/type-detect"
"type-detect@1.0.0","MIT","https://github.com/chaijs/type-detect"
"type-detect@4.0.8","MIT","https://github.com/chaijs/type-detect"
"type-is@1.6.18","MIT","https://github.com/jshttp/type-is"
"typed-rest-client@1.2.0","MIT","https://github.com/Microsoft/typed-rest-client"
"typed.js@2.0.10","MIT","https://github.com/mattboldt/typed.js"
"typedarray@0.0.6","MIT","https://github.com/substack/typedarray"
"typescript@2.9.2","Apache-2.0","https://github.com/Microsoft/TypeScript"
"typescript@3.5.1","Apache-2.0","https://github.com/Microsoft/TypeScript"
"uc.micro@1.0.6","MIT","https://github.com/markdown-it/uc.micro"
"uglify-js@3.6.0","BSD-2-Clause","https://github.com/mishoo/UglifyJS2"
"ultron@1.1.1","MIT","https://github.com/unshiftio/ultron"
"unc-path-regex@0.1.2","MIT","https://github.com/regexhq/unc-path-regex"
"undefsafe@2.0.2","MIT","https://github.com/remy/undefsafe"
"underscore@1.8.3","MIT","https://github.com/jashkenas/underscore"
"union-value@1.0.0","MIT","https://github.com/jonschlinkert/union-value"
"unique-stream@1.0.0","BSD*","https://github.com/eugeneware/unique-stream"
"unique-string@1.0.0","MIT","https://github.com/sindresorhus/unique-string"
"unpipe@1.0.0","MIT","https://github.com/stream-utils/unpipe"
"unset-value@1.0.0","MIT","https://github.com/jonschlinkert/unset-value"
"unzip-response@2.0.1","MIT","https://github.com/sindresorhus/unzip-response"
"upath@1.1.2","MIT","https://github.com/anodynos/upath"
"update-notifier@2.5.0","BSD-2-Clause","https://github.com/yeoman/update-notifier"
"uri-js@4.2.2","BSD-2-Clause","https://github.com/garycourt/uri-js"
"urix@0.1.0","MIT","https://github.com/lydell/urix"
"url-join@1.1.0","MIT","https://github.com/jfromaniello/url-join"
"url-parse-lax@1.0.0","MIT","https://github.com/sindresorhus/url-parse-lax"
"use@3.1.1","MIT","https://github.com/jonschlinkert/use"
"user-home@1.1.1","MIT","https://github.com/sindresorhus/user-home"
"useragent@2.3.0","MIT","https://github.com/3rd-Eden/useragent"
"utf8-byte-length@1.0.4","WTFPL","https://github.com/parshap/utf8-byte-length"
"util-deprecate@1.0.2","MIT","https://github.com/TooTallNate/util-deprecate"
"util-extend@1.0.3","MIT","https://github.com/isaacs/util-extend"
"util.promisify@1.0.0","MIT","https://github.com/ljharb/util.promisify"
"utils-merge@1.0.1","MIT","https://github.com/jaredhanson/utils-merge"
"uuid@3.3.2","MIT","https://github.com/kelektiv/node-uuid"
"v8flags@2.1.1","MIT","https://github.com/tkellen/node-v8flags"
"validate-npm-package-license@3.0.4","Apache-2.0","https://github.com/kemitchell/validate-npm-package-license.js"
"vary@1.1.2","MIT","https://github.com/jshttp/vary"
"verror@1.10.0","MIT","https://github.com/davepacheco/node-verror"
"vinyl-fs@0.3.14","MIT","https://github.com/wearefractal/vinyl-fs"
"vinyl-sourcemaps-apply@0.2.1","ISC","https://github.com/floridoo/vinyl-sourcemaps-apply"
"vinyl@0.4.6","MIT","https://github.com/wearefractal/vinyl"
"vinyl@0.5.3","MIT","https://github.com/wearefractal/vinyl"
"void-elements@2.0.1","MIT","https://github.com/hemanth/void-elements"
"vsce@1.62.0","MIT","https://github.com/Microsoft/vsce"
"w-json@1.3.9","MIT","https://github.com/IonicaBizau/node-w-json"
"w3c-hr-time@1.0.1","MIT","https://github.com/jsdom/w3c-hr-time"
"walker@1.0.7","Apache-2.0","https://github.com/daaku/nodejs-walker"
"watch@0.18.0","Apache-2.0","https://github.com/mikeal/watch"
"webauth@1.1.0","MIT","https://github.com/churkin/webauth"
"webdriver-js-extender@2.1.0","MIT","https://github.com/angular/webdriver-js-extender"
"webdriver-manager@12.1.5","MIT","https://github.com/angular/webdriver-manager"
"webidl-conversions@4.0.2","BSD-2-Clause","https://github.com/jsdom/webidl-conversions"
"whatwg-encoding@1.0.5","MIT","https://github.com/jsdom/whatwg-encoding"
"whatwg-mimetype@2.3.0","MIT","https://github.com/jsdom/whatwg-mimetype"
"whatwg-url@6.5.0","MIT","https://github.com/jsdom/whatwg-url"
"whatwg-url@7.0.0","MIT","https://github.com/jsdom/whatwg-url"
"which-module@2.0.0","ISC","https://github.com/nexdrew/which-module"
"which-promise@1.0.0","MIT","https://github.com/shinnn/which-promise"
"which@1.3.1","ISC","https://github.com/isaacs/node-which"
"widest-line@2.0.1","MIT","https://github.com/sindresorhus/widest-line"
"wordwrap@0.0.3","MIT","https://github.com/substack/node-wordwrap"
"wordwrap@1.0.0","MIT","https://github.com/substack/node-wordwrap"
"wrap-ansi@2.1.0","MIT","https://github.com/chalk/wrap-ansi"
"wrappy@1.0.2","ISC","https://github.com/npm/wrappy"
"write-file-atomic@2.4.3","ISC","https://github.com/iarna/write-file-atomic"
"write@1.0.3","MIT","https://github.com/jonschlinkert/write"
"ws@3.3.3","MIT","https://github.com/websockets/ws"
"ws@5.2.2","MIT","https://github.com/websockets/ws"
"xdg-basedir@3.0.0","MIT","https://github.com/sindresorhus/xdg-basedir"
"xml-name-validator@3.0.0","Apache-2.0","https://github.com/jsdom/xml-name-validator"
"xml2js@0.4.19","MIT","https://github.com/Leonidas-from-XIV/node-xml2js"
"xmlbuilder@9.0.7","MIT","https://github.com/oozcitak/xmlbuilder-js"
"xmlhttprequest-ssl@1.5.5","MIT","https://github.com/mjwwit/node-XMLHttpRequest"
"xtend@4.0.1","MIT","https://github.com/Raynos/xtend"
"y18n@3.2.1","ISC","https://github.com/yargs/y18n"
"yakaa@1.0.1","MIT","https://github.com/newrelic/yakaa"
"yallist@2.1.2","ISC","https://github.com/isaacs/yallist"
"yargs-parser@10.1.0","ISC","https://github.com/yargs/yargs-parser"
"yargs-parser@9.0.2","ISC","https://github.com/yargs/yargs-parser"
"yargs@11.1.0","MIT","https://github.com/yargs/yargs"
"yauzl@2.10.0","MIT","https://github.com/thejoshwolfe/yauzl"
"yazl@2.5.1","MIT","https://github.com/thejoshwolfe/yazl"
"yeast@0.1.2","MIT","https://github.com/unshiftio/yeast"
"yn@2.0.0","MIT","https://github.com/sindresorhus/yn"
"zone.js@0.9.1","MIT","https://github.com/angular/zone.js"
